fecha,preparado_clases,dominio_materia,mantiene_atencion,relaciona_con_ejemplos,ejemplos_mundo_profesional,accesible_y_atiende_consultas,fomenta_colaboracion,puntualidad,referencias_en_redes,recomendaria_profesor,organiza_actividades,contenidos_adecuados,grado_dificultad,conocimientos_utiles_futuro,clase_duracion,clase_horario,clase_conveniencia_dia,clase_calidad_conexion,clase_visibilidad_pantalla,clase_calidad_audio,velocidad_respuesta,utilidad_anuncios,tipo_programa,satisfaccion_general,comentarios
2024-09-01 00:00:00.000000000,5,5,3,2,4,4,2,4,1,5,3,4,3,4,Bien,Regular,Genial,Bien,Genial,Genial,4,5,Online,3,Contenido muy útil para mi futuro profesional
2024-09-01 15:07:49.565217391,4,4,5,4,3,3,3,1,3,4,3,1,2,5,Genial,Bien,Genial,Bien,Genial,Genial,4,1,Online,3,
2024-09-02 06:15:39.130434782,5,4,5,4,2,5,5,4,4,4,4,4,1,2,Pésimo,Bien,Regular,Bien,Genial,Regular,4,4,Online,4,
2024-09-02 21:23:28.695652173,4,3,2,4,3,4,5,3,2,4,5,3,4,1,Bien,Regular,Regular,Bien,Bien,Bien,3,2,Online,3,El contenido está muy actualizado
2024-09-03 12:31:18.260869565,4,2,3,3,4,5,2,5,3,5,4,1,3,4,Bien,Bien,Bien,Bien,Bien,Mal,4,2,Presencial,4,Muy satisfecho con el curso
2024-09-04 03:39:07.826086956,5,5,3,4,4,5,3,3,4,5,3,2,5,4,Bien,Genial,Bien,Bien,Regular,Bien,4,2,Online,4,Muy recomendable
2024-09-04 18:46:57.391304347,4,4,3,2,5,5,4,3,3,5,5,5,4,4,Mal,Regular,Genial,Bien,Pésimo,Mal,4,1,Online,5,Muy recomendable
2024-09-05 09:54:46.956521739,5,3,1,4,3,4,5,5,3,4,4,4,3,4,Genial,Bien,Genial,Regular,Bien,Bien,4,5,Online,4,Muy recomendable
2024-09-06 01:02:36.521739130,3,1,4,3,5,5,5,4,1,5,4,5,5,5,Regular,Bien,Genial,Regular,Regular,Bien,5,4,Online,4,
2024-09-06 16:10:26.086956521,3,3,3,5,2,5,4,3,3,3,4,2,1,4,Regular,Mal,Bien,Pésimo,Genial,Pésimo,4,3,Online,3,Excelente calidad de audio y video
2024-09-07 07:18:15.652173913,4,4,3,4,1,1,5,4,2,4,5,3,4,2,Mal,Bien,Bien,Bien,Genial,Genial,4,3,Presencial,3,
2024-09-07 22:26:05.217391304,3,2,4,4,2,5,4,3,1,3,5,4,4,4,Bien,Genial,Pésimo,Bien,Regular,Mal,3,1,Online,3,Buen curso en general
2024-09-08 13:33:54.782608695,5,3,1,5,5,3,4,4,1,5,5,3,1,5,Bien,Bien,Bien,Bien,Genial,Genial,5,4,Presencial,4,
2024-09-09 04:41:44.347826087,4,4,5,4,5,5,3,2,2,1,2,4,1,3,Genial,Pésimo,Genial,Regular,Mal,Bien,4,5,Presencial,4,Muy buen dominio de la materia por parte del profesor
2024-09-09 19:49:33.913043478,5,4,4,4,4,5,2,3,4,5,4,3,4,5,Regular,Bien,Bien,Regular,Bien,Regular,2,1,Presencial,4,Buen curso en general
2024-09-10 10:57:23.478260869,4,4,4,2,2,4,4,3,5,5,2,5,5,5,Mal,Genial,Bien,Bien,Genial,Bien,5,5,Presencial,4,Buen curso en general
2024-09-11 02:05:13.043478260,5,2,5,5,2,2,5,4,3,5,5,5,4,4,Mal,Genial,Bien,Regular,Genial,Mal,4,1,Online,4,
2024-09-11 17:13:02.608695652,4,3,4,4,2,4,4,5,5,4,3,1,5,5,Regular,Bien,Mal,Mal,Regular,Regular,5,4,Online,3,Muy satisfecho con el curso
2024-09-12 08:20:52.173913043,3,5,5,4,4,3,3,4,3,4,2,5,5,4,Bien,Regular,Genial,Bien,Regular,Genial,5,5,Presencial,3,Contenido muy útil para mi futuro profesional
2024-09-12 23:28:41.739130434,4,3,4,5,4,5,4,5,3,5,4,2,1,2,Pésimo,Mal,Bien,Bien,Genial,Genial,4,4,Presencial,5,Excelente calidad de audio y video
2024-09-13 14:36:31.304347826,3,4,2,5,4,3,4,4,3,2,4,4,4,4,Genial,Bien,Bien,Genial,Bien,Mal,1,4,Online,3,"Excelente profesor, muy claro en las explicaciones"
2024-09-14 05:44:20.869565217,4,5,4,4,4,2,5,4,3,5,3,4,4,5,Bien,Genial,Genial,Pésimo,Pésimo,Bien,3,2,Online,4,Muy satisfecho con el curso
2024-09-14 20:52:10.434782608,2,2,2,3,2,4,3,3,5,4,4,3,2,1,Regular,Regular,Regular,Pésimo,Mal,Bien,3,3,Online,3,Podría mejorar la organización de las actividades
2024-09-15 12:00:00.000000000,4,2,5,5,2,3,5,5,2,3,4,4,4,4,Bien,Genial,Pésimo,Regular,Genial,Genial,4,4,Online,4,"Excelente profesor, muy claro en las explicaciones"
2024-09-16 03:07:49.565217391,4,3,3,4,1,3,3,3,2,5,4,4,4,4,Mal,Bien,Bien,Bien,Bien,Mal,3,3,Online,3,"Genial, aprendí mucho"
2024-09-16 18:15:39.130434782,3,5,1,3,4,4,5,2,5,2,5,2,1,4,Genial,Genial,Bien,Genial,Pésimo,Genial,4,4,Presencial,4,
2024-09-17 09:23:28.695652174,4,4,3,5,3,3,4,4,2,2,4,3,4,3,Bien,Bien,Mal,Regular,Mal,Mal,5,3,Presencial,4,Las conexiones a veces fallan
2024-09-18 00:31:18.260869565,2,4,4,5,2,5,5,4,5,5,3,4,5,5,Pésimo,Genial,Genial,Bien,Genial,Genial,3,2,Online,4,
2024-09-18 15:39:07.826086956,3,4,4,4,5,5,4,4,3,4,4,4,4,2,Regular,Bien,Bien,Regular,Genial,Bien,3,5,Online,4,"Excelente profesor, muy claro en las explicaciones"
2024-09-19 06:46:57.391304347,5,5,5,2,3,5,4,5,2,4,4,4,4,4,Bien,Bien,Bien,Bien,Pésimo,Bien,4,4,Online,5,El horario me viene perfecto
2024-09-19 21:54:46.956521739,3,5,4,4,4,5,3,4,4,4,1,5,5,4,Bien,Genial,Genial,Mal,Bien,Bien,4,4,Presencial,4,Buen curso en general
2024-09-20 13:02:36.521739130,3,3,3,5,3,3,3,4,3,5,3,5,4,2,Bien,Genial,Genial,Regular,Bien,Genial,4,1,Presencial,4,Las clases son muy prácticas y útiles
2024-09-21 04:10:26.086956521,3,1,3,5,3,3,3,4,5,4,4,5,4,3,Regular,Regular,Bien,Regular,Genial,Regular,4,4,Online,4,
2024-09-21 19:18:15.652173913,5,4,4,4,4,4,3,3,5,5,4,3,4,4,Pésimo,Regular,Genial,Bien,Pésimo,Regular,3,4,Online,5,Podría mejorar la organización de las actividades
2024-09-22 10:26:05.217391304,4,5,4,5,5,5,4,5,5,5,2,4,3,2,Bien,Genial,Genial,Mal,Genial,Bien,5,5,Online,5,
2024-09-23 01:33:54.782608695,4,3,4,4,4,4,3,5,4,2,5,4,5,5,Bien,Pésimo,Regular,Bien,Bien,Regular,2,5,Presencial,4,"Genial, aprendí mucho"
2024-09-23 16:41:44.347826087,4,4,5,4,5,4,2,4,3,5,2,2,3,3,Genial,Regular,Bien,Regular,Bien,Genial,4,4,Online,4,
2024-09-24 07:49:33.913043478,2,4,3,4,3,4,5,3,4,4,4,5,4,3,Pésimo,Regular,Bien,Pésimo,Bien,Bien,3,4,Online,4,El contenido está muy actualizado
2024-09-24 22:57:23.478260869,4,4,5,4,4,2,2,1,5,1,2,3,5,5,Genial,Bien,Bien,Pésimo,Genial,Genial,4,4,Presencial,3,Contenido muy útil para mi futuro profesional
2024-09-25 14:05:13.043478261,4,3,5,5,1,5,5,3,4,5,1,4,3,5,Genial,Genial,Bien,Genial,Genial,Regular,5,1,Online,4,
2024-09-26 05:13:02.608695652,4,4,5,4,4,4,4,5,4,4,5,4,3,5,Bien,Bien,Genial,Pésimo,Regular,Bien,5,1,Online,4,Muy recomendable
2024-09-26 20:20:52.173913043,5,5,5,4,4,5,3,2,3,3,3,3,1,1,Genial,Bien,Bien,Bien,Regular,Genial,5,1,Online,4,Buen curso en general
2024-09-27 11:28:41.739130435,4,5,5,5,2,4,5,3,5,2,1,4,1,5,Genial,Genial,Bien,Mal,Bien,Bien,4,3,Online,4,
2024-09-28 02:36:31.304347826,5,3,3,4,4,4,2,5,3,2,5,5,5,5,Bien,Bien,Mal,Regular,Bien,Regular,5,3,Online,4,Muy recomendable
2024-09-28 17:44:20.869565217,4,2,5,4,4,4,5,3,4,4,3,5,4,4,Genial,Genial,Genial,Genial,Bien,Bien,4,4,Online,4,Las clases son muy prácticas y útiles
2024-09-29 08:52:10.434782608,3,5,5,4,1,3,4,5,4,3,4,4,4,2,Genial,Bien,Genial,Regular,Bien,Genial,2,5,Online,3,Contenido muy útil para mi futuro profesional
2024-09-30 00:00:00.000000000,5,3,5,5,4,2,2,5,5,4,4,4,4,4,Mal,Genial,Bien,Genial,Regular,Pésimo,3,3,Presencial,5,Muy satisfecho con el curso
2024-10-01 00:00:00.000000000,3,2,4,4,3,5,3,4,5,4,4,4,3,5,Bien,Genial,Regular,Mal,Pésimo,Bien,4,5,Online,4,Me gustaría más tiempo para practicar
2024-10-01 13:20:00.000000000,3,3,2,3,4,4,1,5,3,5,5,3,3,1,Bien,Bien,Regular,Bien,Regular,Regular,4,3,Online,3,Las conexiones a veces fallan
2024-10-02 02:40:00.000000000,1,2,4,4,4,3,4,5,4,1,4,2,2,5,Mal,Bien,Bien,Bien,Bien,Pésimo,3,4,Online,3,"Genial, aprendí mucho"
2024-10-02 16:00:00.000000000,2,5,4,3,5,3,4,5,1,4,5,2,5,4,Bien,Bien,Regular,Genial,Genial,Bien,5,4,Online,4,"Excelente profesor, muy claro en las explicaciones"
2024-10-03 05:20:00.000000000,5,4,4,4,5,2,2,3,2,5,3,5,3,3,Genial,Bien,Bien,Bien,Genial,Regular,5,5,Online,5,A veces las clases se hacen un poco largas
2024-10-03 18:40:00.000000000,4,3,4,3,5,3,5,4,5,4,5,5,4,4,Bien,Bien,Pésimo,Regular,Bien,Bien,5,4,Presencial,3,
2024-10-04 08:00:00.000000000,4,4,5,2,5,5,3,3,5,3,5,4,2,5,Bien,Bien,Bien,Bien,Regular,Bien,5,3,Online,3,
2024-10-04 21:20:00.000000000,5,2,5,4,3,2,3,4,3,5,4,3,4,5,Regular,Regular,Pésimo,Bien,Bien,Bien,5,5,Online,4,El horario me viene perfecto
2024-10-05 10:40:00.000000000,3,2,4,5,1,2,4,5,3,4,1,2,5,5,Pésimo,Genial,Bien,Genial,Bien,Bien,4,4,Online,3,"Genial, aprendí mucho"
2024-10-06 00:00:00.000000000,2,5,5,3,3,5,3,3,5,3,4,5,3,1,Regular,Genial,Genial,Bien,Mal,Genial,5,4,Presencial,4,El contenido está muy actualizado
2024-10-06 13:20:00.000000000,2,4,5,1,5,4,5,5,4,5,5,4,3,4,Genial,Genial,Genial,Regular,Genial,Mal,4,1,Online,4,El profesor explica muy bien pero va muy rápido
2024-10-07 02:40:00.000000000,4,4,4,4,4,4,4,1,4,3,4,5,4,4,Genial,Genial,Genial,Genial,Mal,Mal,4,2,Online,5,Buen curso en general
2024-10-07 16:00:00.000000000,5,5,1,3,1,4,5,3,5,2,5,4,2,4,Regular,Regular,Regular,Genial,Bien,Regular,4,4,Online,3,
2024-10-08 05:20:00.000000000,5,4,2,5,5,3,3,5,2,5,4,2,5,4,Bien,Mal,Pésimo,Bien,Bien,Bien,5,4,Online,4,Muy recomendable
2024-10-08 18:40:00.000000000,4,3,3,5,5,4,5,5,2,4,3,3,5,4,Bien,Regular,Regular,Mal,Regular,Bien,3,4,Online,4,
2024-10-09 08:00:00.000000000,3,4,4,4,4,5,1,3,5,4,3,5,4,3,Bien,Bien,Bien,Regular,Regular,Bien,4,5,Online,4,Me gustaría más tiempo para practicar
2024-10-09 21:20:00.000000000,5,4,4,3,3,4,5,4,4,5,4,2,4,5,Regular,Bien,Regular,Bien,Mal,Bien,5,3,Online,4,El horario me viene perfecto
2024-10-10 10:40:00.000000000,4,4,2,5,1,5,5,3,4,2,3,5,5,4,Bien,Regular,Mal,Mal,Regular,Regular,4,3,Online,4,
2024-10-11 00:00:00.000000000,5,3,5,4,4,4,4,4,4,4,4,4,4,2,Regular,Genial,Regular,Pésimo,Regular,Regular,5,4,Presencial,4,
2024-10-11 13:20:00.000000000,2,5,5,4,4,5,3,4,3,2,4,2,1,2,Genial,Bien,Genial,Regular,Regular,Bien,4,2,Online,4,Excelente calidad de audio y video
2024-10-12 02:40:00.000000000,4,4,3,3,4,5,4,3,3,3,2,5,3,3,Bien,Bien,Bien,Mal,Regular,Regular,3,4,Presencial,3,Contenido muy útil para mi futuro profesional
2024-10-12 16:00:00.000000000,2,5,4,3,4,4,5,5,4,1,4,4,1,3,Genial,Mal,Bien,Mal,Pésimo,Regular,5,5,Presencial,3,Muy satisfecho con el curso
2024-10-13 05:20:00.000000000,4,5,2,4,3,3,5,4,3,4,4,5,5,5,Genial,Regular,Bien,Regular,Regular,Genial,1,5,Online,4,Muy satisfecho con el curso
2024-10-13 18:40:00.000000000,4,4,4,3,5,4,5,2,5,4,1,1,4,4,Genial,Mal,Pésimo,Bien,Bien,Bien,5,5,Presencial,3,
2024-10-14 08:00:00.000000000,4,5,2,4,2,4,5,5,2,5,4,1,3,3,Mal,Genial,Bien,Genial,Regular,Mal,4,2,Online,4,Muy recomendable
2024-10-14 21:20:00.000000000,5,4,2,3,5,3,4,4,3,4,5,3,2,3,Genial,Bien,Regular,Genial,Genial,Genial,5,3,Presencial,4,Me gustaría más tiempo para practicar
2024-10-15 10:40:00.000000000,4,3,2,3,5,3,4,5,2,4,2,5,3,3,Regular,Bien,Genial,Bien,Bien,Mal,3,1,Online,3,
2024-10-16 00:00:00.000000000,3,4,1,3,5,5,2,4,5,3,4,5,4,3,Bien,Genial,Bien,Pésimo,Genial,Pésimo,5,2,Presencial,3,Excelente calidad de audio y video
2024-10-16 13:20:00.000000000,5,4,4,2,4,4,5,3,2,4,1,3,1,3,Regular,Bien,Bien,Genial,Bien,Genial,2,2,Presencial,3,
2024-10-17 02:40:00.000000000,4,4,1,3,4,2,4,5,5,3,5,4,3,2,Genial,Regular,Bien,Pésimo,Genial,Genial,5,3,Online,3,Podría mejorar la organización de las actividades
2024-10-17 16:00:00.000000000,2,4,5,4,4,4,3,4,3,1,1,5,3,4,Regular,Genial,Regular,Regular,Genial,Genial,3,5,Online,4,
2024-10-18 05:20:00.000000000,5,4,1,5,5,5,1,2,2,2,4,5,3,1,Regular,Pésimo,Pésimo,Regular,Regular,Genial,5,3,Online,3,El contenido está muy actualizado
2024-10-18 18:40:00.000000000,4,1,2,5,2,4,4,3,5,1,4,5,4,5,Mal,Bien,Regular,Bien,Genial,Regular,4,2,Online,4,Excelente calidad de audio y video
2024-10-19 08:00:00.000000000,3,5,5,3,1,5,4,2,4,4,5,3,3,4,Genial,Bien,Bien,Mal,Genial,Bien,2,4,Online,5,El profesor explica muy bien pero va muy rápido
2024-10-19 21:20:00.000000000,2,4,5,4,2,5,3,3,2,3,5,4,2,5,Genial,Genial,Regular,Regular,Genial,Genial,1,1,Online,4,Me gustaría más tiempo para practicar
2024-10-20 10:40:00.000000000,3,4,5,4,4,4,2,4,2,3,2,4,4,3,Regular,Bien,Regular,Genial,Bien,Bien,4,2,Online,4,Muy satisfecho con el curso
2024-10-21 00:00:00.000000000,5,2,3,3,5,4,3,4,4,2,5,5,4,5,Bien,Genial,Bien,Bien,Regular,Genial,4,2,Online,4,
2024-10-21 13:20:00.000000000,4,5,5,2,5,3,5,5,4,5,3,4,5,4,Bien,Bien,Genial,Regular,Regular,Genial,5,2,Online,4,Podría mejorar la organización de las actividades
2024-10-22 02:40:00.000000000,3,4,4,4,5,5,5,3,1,5,2,3,1,4,Regular,Bien,Genial,Pésimo,Mal,Regular,5,2,Online,3,Muy buen dominio de la materia por parte del profesor
2024-10-22 16:00:00.000000000,1,3,4,5,5,5,5,4,3,5,4,4,2,4,Bien,Genial,Bien,Regular,Genial,Mal,4,1,Presencial,4,Muy recomendable
2024-10-23 05:20:00.000000000,5,5,5,4,5,5,4,4,4,4,4,4,2,2,Mal,Regular,Pésimo,Bien,Regular,Genial,2,2,Presencial,4,El contenido está muy actualizado
2024-10-23 18:40:00.000000000,1,5,5,4,4,5,3,2,2,5,1,4,5,5,Bien,Mal,Genial,Bien,Mal,Mal,5,4,Presencial,4,"Genial, aprendí mucho"
2024-10-24 08:00:00.000000000,4,2,5,4,2,3,3,3,5,4,5,4,4,2,Regular,Genial,Genial,Regular,Regular,Bien,5,3,Online,4,Contenido muy útil para mi futuro profesional
2024-10-24 21:20:00.000000000,4,4,1,2,3,5,3,4,2,4,3,3,4,1,Pésimo,Regular,Pésimo,Mal,Regular,Genial,4,4,Online,3,
2024-10-25 10:40:00.000000000,3,5,4,5,4,1,4,1,3,5,3,4,4,5,Bien,Regular,Bien,Regular,Genial,Genial,5,5,Online,4,"Genial, aprendí mucho"
2024-10-26 00:00:00.000000000,5,1,5,3,4,5,4,2,4,4,5,4,3,5,Bien,Bien,Bien,Genial,Bien,Bien,2,2,Online,4,Muy buen dominio de la materia por parte del profesor
2024-10-26 13:20:00.000000000,5,2,4,2,1,4,3,4,4,1,2,4,3,5,Bien,Genial,Bien,Regular,Bien,Regular,3,4,Online,3,
2024-10-27 02:40:00.000000000,4,4,4,5,2,5,1,4,1,4,4,4,2,4,Pésimo,Genial,Genial,Regular,Bien,Bien,1,3,Presencial,4,
2024-10-27 16:00:00.000000000,4,5,4,4,2,3,5,3,5,4,2,2,2,5,Bien,Bien,Regular,Mal,Bien,Mal,5,3,Online,4,
2024-10-28 05:20:00.000000000,5,4,5,5,3,5,4,4,3,4,3,4,4,5,Genial,Bien,Regular,Regular,Regular,Mal,3,3,Presencial,3,
2024-10-28 18:40:00.000000000,3,5,3,5,5,3,3,5,3,5,2,5,4,5,Mal,Bien,Bien,Regular,Bien,Pésimo,5,4,Online,4,El horario me viene perfecto
2024-10-29 08:00:00.000000000,4,1,5,5,4,2,5,4,3,4,4,4,3,4,Genial,Bien,Genial,Genial,Bien,Bien,4,4,Presencial,4,Me gustaría más tiempo para practicar
2024-10-29 21:20:00.000000000,5,4,5,5,2,5,4,4,4,5,1,4,4,5,Bien,Mal,Regular,Regular,Genial,Regular,3,5,Online,4,Excelente calidad de audio y video
2024-10-30 10:40:00.000000000,3,5,2,1,1,3,4,2,1,5,5,5,5,5,Mal,Bien,Genial,Regular,Bien,Pésimo,3,4,Online,5,"Genial, aprendí mucho"
2024-10-31 00:00:00.000000000,5,4,3,2,4,5,5,2,1,4,3,3,3,5,Genial,Bien,Genial,Regular,Bien,Regular,4,5,Online,4,Muy buen dominio de la materia por parte del profesor
2024-11-01 00:00:00.000000000,4,5,3,5,5,4,5,4,4,4,4,3,3,3,Bien,Mal,Genial,Bien,Bien,Regular,5,5,Presencial,4,Las conexiones a veces fallan
2024-11-01 16:58:32.195121951,4,1,3,5,2,5,1,3,4,3,2,4,3,5,Regular,Genial,Genial,Regular,Genial,Bien,5,1,Online,3,
2024-11-02 09:57:04.390243902,5,5,4,2,3,5,3,3,2,4,5,3,3,4,Genial,Mal,Bien,Regular,Genial,Bien,2,4,Presencial,4,
2024-11-03 02:55:36.585365853,5,3,4,4,5,3,4,4,3,2,4,5,3,4,Bien,Genial,Regular,Genial,Regular,Bien,2,2,Online,3,El profesor explica muy bien pero va muy rápido
2024-11-03 19:54:08.780487804,2,4,3,5,5,5,5,1,4,3,5,3,4,5,Pésimo,Bien,Genial,Regular,Regular,Regular,2,5,Online,4,El contenido está muy actualizado
2024-11-04 12:52:40.975609756,2,3,1,3,5,4,3,4,1,3,4,5,5,1,Genial,Genial,Genial,Regular,Bien,Regular,2,2,Online,3,"Genial, aprendí mucho"
2024-11-05 05:51:13.170731707,5,4,2,5,5,5,5,4,5,2,4,3,2,2,Bien,Genial,Bien,Mal,Genial,Bien,4,4,Online,4,Podría mejorar la organización de las actividades
2024-11-05 22:49:45.365853658,2,4,4,5,4,3,1,4,3,5,4,5,5,4,Genial,Genial,Bien,Mal,Bien,Bien,5,3,Presencial,4,El profesor explica muy bien pero va muy rápido
2024-11-06 15:48:17.560975609,5,5,5,5,3,5,3,5,5,5,5,4,3,4,Bien,Mal,Bien,Genial,Regular,Genial,5,5,Presencial,5,Me gustaría más tiempo para practicar
2024-11-07 08:46:49.756097561,3,4,5,3,4,4,3,4,4,4,1,1,3,5,Regular,Bien,Regular,Regular,Genial,Genial,2,3,Online,3,
2024-11-08 01:45:21.951219512,5,1,5,3,5,5,4,4,3,4,2,1,1,4,Regular,Bien,Genial,Regular,Bien,Bien,5,5,Presencial,4,
2024-11-08 18:43:54.146341463,1,3,5,3,5,4,4,4,4,5,3,4,5,5,Genial,Bien,Genial,Regular,Bien,Regular,4,2,Online,4,Las clases son muy prácticas y útiles
2024-11-09 11:42:26.341463414,1,4,4,3,5,4,2,5,1,5,5,4,5,4,Bien,Pésimo,Regular,Genial,Bien,Bien,4,4,Online,4,Me gustaría más tiempo para practicar
2024-11-10 04:40:58.536585365,3,3,3,3,1,5,5,3,4,5,5,4,3,3,Genial,Genial,Regular,Regular,Genial,Genial,5,4,Online,3,Muy buen dominio de la materia por parte del profesor
2024-11-10 21:39:30.731707317,2,4,4,5,1,3,4,3,4,4,4,5,4,2,Bien,Genial,Genial,Mal,Genial,Bien,3,2,Online,4,Las clases son muy prácticas y útiles
2024-11-11 14:38:02.926829268,5,3,1,2,2,3,4,3,2,5,4,4,4,3,Bien,Bien,Bien,Genial,Pésimo,Genial,2,4,Online,3,
2024-11-12 07:36:35.121951219,4,3,5,5,4,5,2,4,4,5,3,5,4,4,Mal,Genial,Regular,Regular,Regular,Genial,4,4,Online,5,Muy recomendable
2024-11-13 00:35:07.317073170,5,4,3,3,3,1,4,3,3,5,4,5,4,3,Bien,Mal,Regular,Bien,Mal,Regular,4,5,Presencial,5,Las clases son muy prácticas y útiles
2024-11-13 17:33:39.512195122,4,3,4,5,2,3,3,4,5,2,4,3,5,2,Bien,Genial,Genial,Regular,Regular,Bien,3,2,Online,3,A veces las clases se hacen un poco largas
2024-11-14 10:32:11.707317073,4,2,4,3,5,2,4,4,3,2,4,4,4,4,Bien,Bien,Bien,Bien,Bien,Regular,1,2,Online,3,A veces las clases se hacen un poco largas
2024-11-15 03:30:43.902439024,4,3,5,1,5,4,4,2,4,4,5,4,5,3,Genial,Bien,Genial,Mal,Bien,Bien,5,3,Presencial,4,El contenido está muy actualizado
2024-11-15 20:29:16.097560975,4,5,3,4,4,5,3,4,5,2,5,1,3,1,Mal,Genial,Bien,Regular,Regular,Bien,4,3,Online,3,Contenido muy útil para mi futuro profesional
2024-11-16 13:27:48.292682926,5,5,5,4,3,4,5,5,4,2,4,5,4,4,Regular,Bien,Genial,Bien,Genial,Bien,4,2,Presencial,3,Muy satisfecho con el curso
2024-11-17 06:26:20.487804878,5,2,5,3,4,1,3,4,1,4,5,2,4,4,Bien,Regular,Regular,Mal,Mal,Regular,4,5,Presencial,2,El horario me viene perfecto
2024-11-17 23:24:52.682926829,4,5,1,5,4,4,3,5,1,5,5,3,5,5,Bien,Bien,Regular,Mal,Regular,Genial,2,5,Online,5,Las conexiones a veces fallan
2024-11-18 16:23:24.878048780,3,4,4,1,3,4,4,5,3,4,4,5,5,4,Genial,Regular,Bien,Regular,Bien,Genial,5,2,Online,4,Excelente calidad de audio y video
2024-11-19 09:21:57.073170731,3,4,4,3,2,4,3,3,5,4,4,4,3,4,Bien,Genial,Regular,Bien,Bien,Genial,4,4,Online,3,Las clases son muy prácticas y útiles
2024-11-20 02:20:29.268292683,2,4,3,4,5,3,4,4,1,5,2,4,4,4,Bien,Regular,Pésimo,Bien,Bien,Genial,5,5,Online,4,Excelente calidad de audio y video
2024-11-20 19:19:01.463414634,3,4,4,5,4,4,1,4,4,1,3,3,1,4,Regular,Genial,Genial,Bien,Genial,Bien,4,5,Online,3,Buen curso en general
2024-11-21 12:17:33.658536585,4,2,4,4,5,4,5,1,2,4,4,1,5,5,Bien,Mal,Genial,Bien,Genial,Genial,5,4,Online,4,
2024-11-22 05:16:05.853658536,3,5,4,4,3,4,3,3,4,4,5,5,4,5,Regular,Bien,Genial,Regular,Bien,Regular,4,5,Presencial,5,Muy recomendable
2024-11-22 22:14:38.048780487,2,4,4,5,4,5,3,4,3,5,4,3,3,3,Bien,Regular,Bien,Regular,Bien,Genial,5,4,Online,4,El horario me viene perfecto
2024-11-23 15:13:10.243902439,5,5,3,3,4,3,4,5,5,4,5,5,3,3,Bien,Genial,Bien,Bien,Mal,Genial,5,4,Presencial,5,Muy recomendable
2024-11-24 08:11:42.439024390,4,2,1,4,5,4,3,4,2,1,5,4,4,1,Genial,Bien,Bien,Bien,Genial,Bien,4,5,Presencial,2,Muy satisfecho con el curso
2024-11-25 01:10:14.634146341,4,2,4,4,5,4,4,4,4,4,4,4,5,4,Genial,Bien,Genial,Genial,Bien,Genial,2,5,Online,4,El contenido está muy actualizado
2024-11-25 18:08:46.829268292,2,4,5,5,4,3,1,4,3,5,2,4,1,3,Bien,Bien,Bien,Genial,Bien,Genial,5,4,Presencial,3,
2024-11-26 11:07:19.024390244,5,4,4,4,2,1,4,2,4,5,5,4,2,5,Genial,Regular,Genial,Regular,Genial,Genial,1,5,Online,4,Muy buen dominio de la materia por parte del profesor
2024-11-27 04:05:51.219512195,2,3,2,5,5,5,5,2,3,2,3,3,3,3,Mal,Regular,Mal,Genial,Genial,Genial,4,3,Presencial,3,Buen curso en general
2024-11-27 21:04:23.414634146,4,3,1,5,4,4,3,5,2,5,5,2,5,3,Mal,Genial,Genial,Bien,Regular,Bien,5,3,Online,3,A veces las clases se hacen un poco largas
2024-11-28 14:02:55.609756097,5,2,4,4,5,4,4,5,5,3,4,5,5,5,Bien,Regular,Bien,Bien,Bien,Bien,5,3,Presencial,5,Contenido muy útil para mi futuro profesional
2024-11-29 07:01:27.804878049,2,4,4,4,5,5,5,4,4,4,5,4,5,5,Genial,Regular,Mal,Genial,Regular,Genial,4,3,Presencial,5,Me gustaría más tiempo para practicar
2024-11-30 00:00:00.000000000,4,5,3,5,5,3,5,4,3,5,1,3,4,4,Bien,Genial,Bien,Bien,Mal,Bien,3,3,Online,5,"Genial, aprendí mucho"
2024-12-01 00:00:00.000000000,2,4,5,1,3,3,3,5,3,4,5,3,3,4,Bien,Genial,Genial,Regular,Genial,Regular,1,2,Online,5,El contenido está muy actualizado
2024-12-01 14:07:03.529411764,4,5,2,4,3,5,5,5,4,5,3,3,3,5,Genial,Regular,Genial,Bien,Bien,Regular,2,4,Online,4,
2024-12-02 04:14:07.058823529,3,4,4,5,4,2,1,5,4,5,3,3,1,5,Bien,Genial,Regular,Bien,Bien,Regular,5,5,Presencial,3,Muy satisfecho con el curso
2024-12-02 18:21:10.588235294,3,4,4,4,3,4,5,3,2,3,5,2,5,4,Genial,Genial,Bien,Mal,Regular,Regular,5,3,Online,4,"Genial, aprendí mucho"
2024-12-03 08:28:14.117647058,4,4,3,4,4,5,5,4,5,5,5,2,1,3,Bien,Bien,Bien,Genial,Genial,Genial,3,4,Online,4,Muy buen dominio de la materia por parte del profesor
2024-12-03 22:35:17.647058823,4,5,2,5,4,3,4,3,4,4,3,2,4,5,Regular,Genial,Bien,Genial,Genial,Bien,4,5,Online,3,El horario me viene perfecto
2024-12-04 12:42:21.176470588,1,5,5,2,4,4,2,5,2,2,4,5,1,4,Bien,Mal,Regular,Bien,Regular,Genial,5,5,Online,4,Podría mejorar la organización de las actividades
2024-12-05 02:49:24.705882352,2,2,1,4,3,5,4,2,4,5,5,2,5,5,Regular,Mal,Bien,Mal,Genial,Bien,5,4,Online,4,Me gustaría más tiempo para practicar
2024-12-05 16:56:28.235294117,5,5,4,4,3,5,2,5,4,4,1,4,3,3,Bien,Genial,Bien,Bien,Mal,Bien,2,4,Presencial,4,Excelente calidad de audio y video
2024-12-06 07:03:31.764705882,3,4,5,1,3,4,5,5,3,5,4,4,3,3,Regular,Bien,Pésimo,Genial,Regular,Regular,4,4,Online,4,Me gustaría más tiempo para practicar
2024-12-06 21:10:35.294117647,4,5,5,3,5,5,5,4,4,4,5,4,4,4,Genial,Genial,Mal,Genial,Bien,Genial,4,3,Presencial,5,Me gustaría más tiempo para practicar
2024-12-07 11:17:38.823529411,4,3,5,3,5,4,5,5,4,3,3,3,5,5,Bien,Mal,Bien,Bien,Bien,Genial,5,2,Online,3,Contenido muy útil para mi futuro profesional
2024-12-08 01:24:42.352941176,2,5,3,4,3,3,4,4,2,3,4,5,5,2,Bien,Mal,Pésimo,Bien,Bien,Regular,3,1,Presencial,4,El profesor explica muy bien pero va muy rápido
2024-12-08 15:31:45.882352941,1,5,3,4,1,5,5,5,4,3,3,4,3,4,Pésimo,Mal,Bien,Bien,Genial,Mal,4,2,Online,3,"Genial, aprendí mucho"
2024-12-09 05:38:49.411764705,5,5,3,3,5,5,2,4,3,5,2,3,4,2,Bien,Bien,Regular,Regular,Bien,Regular,4,5,Presencial,4,"Excelente profesor, muy claro en las explicaciones"
2024-12-09 19:45:52.941176470,3,4,2,3,5,4,3,5,2,5,3,3,3,2,Mal,Bien,Genial,Bien,Mal,Bien,2,1,Online,3,Muy satisfecho con el curso
2024-12-10 09:52:56.470588235,4,4,3,2,5,3,5,5,4,4,4,5,3,4,Bien,Bien,Bien,Regular,Bien,Genial,3,5,Online,4,
2024-12-11 00:00:00.000000000,4,4,3,4,4,3,4,5,4,4,4,2,3,2,Genial,Mal,Regular,Genial,Genial,Genial,1,1,Online,4,A veces las clases se hacen un poco largas
2024-12-11 14:07:03.529411764,4,3,4,5,3,2,2,4,5,1,5,3,3,5,Regular,Bien,Pésimo,Pésimo,Regular,Pésimo,4,3,Online,3,Buen curso en general
2024-12-12 04:14:07.058823529,4,5,4,3,1,4,4,5,2,5,5,3,5,5,Genial,Genial,Genial,Bien,Regular,Genial,4,4,Online,4,"Genial, aprendí mucho"
2024-12-12 18:21:10.588235294,3,3,4,4,4,1,5,3,4,4,3,2,1,5,Genial,Bien,Mal,Regular,Genial,Genial,2,1,Presencial,3,Me gustaría más tiempo para practicar
2024-12-13 08:28:14.117647058,5,5,5,4,5,4,4,5,2,4,4,2,1,5,Genial,Bien,Mal,Pésimo,Genial,Bien,3,3,Online,4,
2024-12-13 22:35:17.647058823,4,4,3,2,4,2,4,4,4,5,5,4,4,4,Regular,Pésimo,Regular,Regular,Bien,Genial,3,2,Presencial,4,Muy satisfecho con el curso
2024-12-14 12:42:21.176470588,3,5,4,5,5,4,2,1,3,5,4,3,3,4,Bien,Regular,Genial,Bien,Mal,Genial,2,5,Presencial,4,El profesor explica muy bien pero va muy rápido
2024-12-15 02:49:24.705882353,5,4,4,5,1,3,2,5,4,3,4,4,4,4,Bien,Genial,Regular,Mal,Bien,Genial,4,1,Online,3,Las conexiones a veces fallan
2024-12-15 16:56:28.235294117,2,2,5,5,4,5,1,4,4,4,4,4,3,5,Mal,Regular,Regular,Regular,Bien,Mal,5,3,Online,4,
2024-12-16 07:03:31.764705882,1,4,4,3,1,4,2,2,3,3,4,4,4,2,Regular,Genial,Bien,Genial,Bien,Bien,4,3,Online,3,Muy satisfecho con el curso
2024-12-16 21:10:35.294117647,5,5,4,3,3,4,3,5,3,4,4,5,3,4,Genial,Pésimo,Genial,Mal,Genial,Bien,3,5,Online,4,
2024-12-17 11:17:38.823529411,4,4,4,1,2,2,3,4,4,5,5,3,3,3,Regular,Bien,Mal,Mal,Genial,Bien,4,1,Online,3,Excelente calidad de audio y video
2024-12-18 01:24:42.352941176,4,4,3,2,4,5,4,3,4,2,4,3,2,3,Bien,Mal,Bien,Bien,Bien,Bien,5,2,Online,3,Muy buen dominio de la materia por parte del profesor
2024-12-18 15:31:45.882352941,1,4,4,5,3,3,2,5,4,5,5,4,3,3,Bien,Bien,Bien,Genial,Genial,Genial,5,4,Online,4,
2024-12-19 05:38:49.411764705,5,2,4,4,2,1,4,4,3,4,4,1,3,3,Mal,Genial,Bien,Bien,Regular,Bien,3,1,Online,3,Podría mejorar la organización de las actividades
2024-12-19 19:45:52.941176470,3,4,2,3,5,4,4,4,5,3,4,5,4,4,Bien,Genial,Bien,Pésimo,Regular,Genial,3,4,Online,3,Las conexiones a veces fallan
2024-12-20 09:52:56.470588235,5,5,4,4,4,4,4,2,4,5,5,1,4,4,Bien,Mal,Bien,Regular,Regular,Genial,5,4,Presencial,4,Contenido muy útil para mi futuro profesional
2024-12-21 00:00:00.000000000,4,3,4,4,4,3,5,1,3,5,4,3,4,4,Genial,Genial,Bien,Regular,Mal,Regular,4,4,Online,3,"Excelente profesor, muy claro en las explicaciones"
2024-12-21 14:07:03.529411764,2,3,2,2,4,2,1,5,3,2,3,4,3,4,Mal,Bien,Regular,Bien,Genial,Bien,3,3,Online,3,
2024-12-22 04:14:07.058823529,3,3,3,3,4,4,4,4,1,2,3,4,2,3,Bien,Genial,Pésimo,Bien,Bien,Genial,5,1,Online,3,El horario me viene perfecto
2024-12-22 18:21:10.588235294,5,5,5,1,5,3,2,4,3,2,2,1,5,1,Regular,Bien,Bien,Genial,Pésimo,Bien,4,5,Online,3,Las clases son muy prácticas y útiles
2024-12-23 08:28:14.117647058,2,4,4,5,3,3,3,2,2,5,4,4,4,4,Mal,Regular,Regular,Bien,Bien,Pésimo,4,5,Presencial,4,El profesor explica muy bien pero va muy rápido
2024-12-23 22:35:17.647058823,5,5,3,5,4,3,2,4,2,3,3,5,5,3,Genial,Genial,Genial,Mal,Bien,Genial,4,3,Online,4,Muy satisfecho con el curso
2024-12-24 12:42:21.176470588,4,2,3,5,5,2,5,3,4,5,5,5,3,5,Mal,Genial,Genial,Bien,Regular,Genial,3,1,Presencial,5,El profesor explica muy bien pero va muy rápido
2024-12-25 02:49:24.705882352,3,5,4,4,4,4,3,4,4,5,5,5,3,4,Genial,Genial,Mal,Regular,Mal,Bien,3,3,Online,4,Podría mejorar la organización de las actividades
2024-12-25 16:56:28.235294117,5,3,4,4,5,2,5,4,5,5,3,2,3,4,Regular,Regular,Bien,Pésimo,Mal,Bien,2,3,Online,4,El horario me viene perfecto
2024-12-26 07:03:31.764705882,4,5,3,5,4,4,4,3,4,4,3,4,5,4,Genial,Regular,Mal,Mal,Bien,Regular,1,5,Presencial,4,
2024-12-26 21:10:35.294117647,3,2,2,5,5,4,2,4,3,4,4,5,2,1,Genial,Regular,Mal,Mal,Pésimo,Bien,5,3,Online,3,Podría mejorar la organización de las actividades
2024-12-27 11:17:38.823529411,5,4,1,4,1,5,3,4,3,5,5,4,5,3,Bien,Genial,Regular,Genial,Mal,Pésimo,5,1,Presencial,5,Las conexiones a veces fallan
2024-12-28 01:24:42.352941176,2,4,3,4,2,3,4,4,5,5,5,4,5,3,Genial,Genial,Regular,Bien,Genial,Genial,5,3,Online,5,Muy recomendable
2024-12-28 15:31:45.882352941,3,5,1,4,5,5,5,5,5,3,3,3,3,4,Bien,Regular,Bien,Mal,Regular,Bien,5,4,Online,3,Podría mejorar la organización de las actividades
2024-12-29 05:38:49.411764706,4,2,4,4,1,3,5,5,3,1,3,4,5,2,Genial,Mal,Genial,Regular,Genial,Regular,4,2,Online,3,Contenido muy útil para mi futuro profesional
2024-12-29 19:45:52.941176470,5,5,4,4,5,4,5,4,4,3,4,5,4,4,Genial,Bien,Bien,Bien,Genial,Regular,4,3,Online,5,Contenido muy útil para mi futuro profesional
2024-12-30 09:52:56.470588235,5,3,4,1,4,3,2,4,2,4,2,2,3,2,Genial,Pésimo,Bien,Mal,Regular,Genial,3,5,Online,3,A veces las clases se hacen un poco largas
2024-12-31 00:00:00.000000000,4,3,3,5,3,4,5,3,5,5,4,5,1,3,Bien,Regular,Genial,Genial,Bien,Regular,5,3,Online,5,
2025-01-01 00:00:00.000000000,5,4,3,4,3,5,5,5,5,5,4,3,4,1,Genial,Bien,Pésimo,Pésimo,Bien,Bien,4,4,Online,3,Buen curso en general
2025-01-01 12:37:53.684210526,3,5,4,3,5,5,5,4,3,5,4,5,3,4,Mal,Regular,Pésimo,Pésimo,Genial,Regular,4,5,Online,5,El horario me viene perfecto
2025-01-02 01:15:47.368421052,5,5,4,5,5,4,3,5,4,4,3,2,5,4,Regular,Regular,Bien,Bien,Regular,Genial,2,3,Online,4,
2025-01-02 13:53:41.052631578,5,4,4,3,3,1,3,4,5,4,4,5,4,5,Bien,Regular,Mal,Bien,Mal,Regular,4,4,Online,4,"Genial, aprendí mucho"
2025-01-03 02:31:34.736842105,5,5,5,4,2,2,5,3,3,4,1,3,3,3,Mal,Genial,Genial,Regular,Genial,Bien,4,5,Presencial,3,Las clases son muy prácticas y útiles
2025-01-03 15:09:28.421052631,5,4,3,5,5,5,3,5,1,1,4,2,3,4,Regular,Regular,Regular,Regular,Bien,Genial,5,3,Presencial,4,A veces las clases se hacen un poco largas
2025-01-04 03:47:22.105263157,3,4,5,2,4,2,1,2,5,2,1,4,5,3,Bien,Pésimo,Bien,Bien,Bien,Regular,3,2,Online,3,Muy satisfecho con el curso
2025-01-04 16:25:15.789473684,5,4,4,3,4,5,4,3,2,3,3,2,3,2,Regular,Bien,Regular,Pésimo,Regular,Regular,4,2,Presencial,3,
2025-01-05 05:03:09.473684210,1,5,4,4,2,4,5,4,2,4,5,4,5,4,Genial,Bien,Mal,Regular,Regular,Genial,5,4,Online,4,
2025-01-05 17:41:03.157894736,3,4,5,5,4,3,4,5,2,5,3,5,5,5,Regular,Pésimo,Bien,Regular,Pésimo,Bien,4,4,Online,4,
2025-01-06 06:18:56.842105263,2,5,5,5,4,4,5,3,3,5,5,5,2,5,Genial,Mal,Bien,Regular,Regular,Genial,4,4,Presencial,5,
2025-01-06 18:56:50.526315789,4,5,5,4,4,3,4,4,2,3,3,5,2,3,Bien,Bien,Mal,Genial,Genial,Bien,4,1,Online,4,
2025-01-07 07:34:44.210526315,5,4,4,1,4,4,1,4,5,4,4,5,4,4,Genial,Genial,Bien,Regular,Bien,Genial,4,1,Presencial,4,Muy buen dominio de la materia por parte del profesor
2025-01-07 20:12:37.894736842,4,5,3,5,4,2,5,4,3,4,5,3,2,2,Regular,Genial,Bien,Mal,Regular,Regular,5,3,Presencial,4,A veces las clases se hacen un poco largas
2025-01-08 08:50:31.578947368,3,2,4,3,4,5,4,2,5,4,5,2,1,1,Regular,Bien,Genial,Regular,Regular,Bien,2,4,Online,3,
2025-01-08 21:28:25.263157894,5,4,5,2,5,2,4,5,3,4,3,5,5,5,Bien,Genial,Bien,Regular,Genial,Bien,2,1,Online,3,
2025-01-09 10:06:18.947368421,3,5,5,3,4,5,1,5,5,2,3,5,4,1,Regular,Bien,Bien,Bien,Genial,Regular,4,4,Online,4,El contenido está muy actualizado
2025-01-09 22:44:12.631578947,3,2,3,2,4,2,5,5,1,5,1,3,1,3,Bien,Genial,Regular,Bien,Regular,Genial,3,2,Online,3,Las clases son muy prácticas y útiles
2025-01-10 11:22:06.315789473,4,4,5,4,5,2,4,5,4,5,4,2,3,4,Genial,Regular,Genial,Genial,Regular,Regular,5,5,Online,4,Muy recomendable
2025-01-11 00:00:00.000000000,5,2,1,4,4,3,4,3,2,3,5,4,3,4,Genial,Regular,Bien,Bien,Bien,Mal,4,1,Online,2,Excelente calidad de audio y video
2025-01-11 12:37:53.684210526,3,5,1,5,4,3,2,5,1,3,3,4,4,2,Regular,Regular,Regular,Regular,Genial,Regular,4,3,Presencial,3,El profesor explica muy bien pero va muy rápido
2025-01-12 01:15:47.368421052,4,2,5,1,4,3,3,4,5,5,3,3,5,4,Mal,Genial,Genial,Genial,Genial,Genial,2,2,Online,3,"Genial, aprendí mucho"
2025-01-12 13:53:41.052631578,5,3,5,4,3,4,3,4,5,4,4,4,1,3,Bien,Regular,Regular,Bien,Regular,Regular,4,2,Presencial,4,Buen curso en general
2025-01-13 02:31:34.736842105,5,5,5,2,4,5,4,4,3,4,1,4,1,4,Regular,Bien,Mal,Bien,Genial,Regular,2,2,Presencial,4,"Genial, aprendí mucho"
2025-01-13 15:09:28.421052631,4,2,4,5,5,4,2,2,1,3,2,3,3,5,Bien,Genial,Genial,Mal,Genial,Regular,4,3,Presencial,3,El horario me viene perfecto
2025-01-14 03:47:22.105263157,4,5,2,3,4,3,1,2,4,5,4,4,3,5,Genial,Bien,Regular,Pésimo,Mal,Bien,5,5,Online,3,"Excelente profesor, muy claro en las explicaciones"
2025-01-14 16:25:15.789473684,5,4,3,4,2,5,4,4,3,4,4,5,3,3,Mal,Bien,Pésimo,Bien,Genial,Genial,4,3,Online,5,"Excelente profesor, muy claro en las explicaciones"
2025-01-15 05:03:09.473684210,5,5,3,4,3,2,5,5,4,1,5,4,3,4,Mal,Genial,Bien,Mal,Regular,Regular,2,4,Presencial,4,Muy recomendable
2025-01-15 17:41:03.157894736,4,2,3,5,4,3,5,5,3,3,5,5,4,5,Bien,Regular,Bien,Regular,Genial,Bien,2,4,Online,4,"Excelente profesor, muy claro en las explicaciones"
2025-01-16 06:18:56.842105263,5,2,4,5,4,4,5,3,1,4,1,5,2,5,Genial,Regular,Bien,Pésimo,Bien,Pésimo,5,5,Online,3,Me gustaría más tiempo para practicar
2025-01-16 18:56:50.526315789,2,4,3,3,4,4,5,3,3,4,5,3,3,4,Bien,Regular,Genial,Regular,Genial,Mal,4,5,Online,4,
2025-01-17 07:34:44.210526315,3,4,4,2,5,3,4,4,4,2,4,4,4,5,Bien,Mal,Regular,Mal,Mal,Bien,3,2,Online,4,Podría mejorar la organización de las actividades
2025-01-17 20:12:37.894736842,3,1,4,5,4,5,5,3,4,4,5,5,4,3,Genial,Mal,Genial,Genial,Bien,Bien,4,3,Online,4,
2025-01-18 08:50:31.578947368,4,5,3,1,3,3,3,5,4,3,4,2,5,5,Genial,Genial,Regular,Pésimo,Bien,Genial,3,1,Presencial,4,"Genial, aprendí mucho"
2025-01-18 21:28:25.263157894,3,4,5,5,4,5,2,5,5,3,3,2,3,5,Bien,Mal,Regular,Genial,Bien,Bien,3,5,Presencial,4,El contenido está muy actualizado
2025-01-19 10:06:18.947368421,4,5,5,3,3,4,2,4,5,4,5,4,2,4,Regular,Pésimo,Bien,Genial,Regular,Bien,5,5,Presencial,4,Muy satisfecho con el curso
2025-01-19 22:44:12.631578947,4,4,2,2,1,5,3,3,4,3,4,3,5,5,Genial,Bien,Genial,Mal,Pésimo,Pésimo,4,3,Online,4,El contenido está muy actualizado
2025-01-20 11:22:06.315789473,2,5,3,5,4,3,4,4,1,4,4,5,1,4,Mal,Genial,Mal,Genial,Genial,Bien,4,2,Online,4,"Excelente profesor, muy claro en las explicaciones"
2025-01-21 00:00:00.000000000,5,4,5,4,4,3,4,3,5,3,5,4,4,4,Mal,Bien,Mal,Bien,Bien,Genial,3,2,Online,4,
2025-01-21 12:37:53.684210526,2,4,1,5,4,4,5,4,3,5,5,3,3,5,Pésimo,Bien,Mal,Bien,Pésimo,Bien,3,4,Presencial,4,Buen curso en general
2025-01-22 01:15:47.368421052,5,4,1,3,5,4,2,5,3,3,5,5,3,5,Bien,Genial,Pésimo,Mal,Bien,Genial,4,2,Online,4,El profesor explica muy bien pero va muy rápido
2025-01-22 13:53:41.052631578,4,5,5,2,5,5,5,3,5,5,3,5,1,2,Bien,Bien,Bien,Pésimo,Genial,Pésimo,2,1,Online,4,
2025-01-23 02:31:34.736842105,1,4,3,5,5,5,5,4,2,5,3,3,5,4,Genial,Regular,Bien,Pésimo,Bien,Genial,4,3,Online,4,El horario me viene perfecto
2025-01-23 15:09:28.421052631,4,4,5,2,4,4,2,4,5,5,2,2,3,5,Mal,Genial,Mal,Bien,Bien,Genial,3,4,Online,3,El contenido está muy actualizado
2025-01-24 03:47:22.105263157,5,5,4,4,1,3,4,2,3,5,4,2,2,4,Bien,Bien,Bien,Bien,Genial,Regular,5,3,Online,5,Las conexiones a veces fallan
2025-01-24 16:25:15.789473684,5,5,4,4,4,5,5,2,4,3,4,3,4,5,Regular,Mal,Regular,Bien,Regular,Regular,3,3,Online,5,
2025-01-25 05:03:09.473684210,2,4,3,4,3,5,5,5,4,4,5,4,2,5,Bien,Regular,Regular,Regular,Bien,Regular,2,2,Online,4,El horario me viene perfecto
2025-01-25 17:41:03.157894736,4,3,5,4,5,3,4,2,2,1,5,5,4,4,Regular,Regular,Regular,Regular,Genial,Bien,2,1,Online,4,
2025-01-26 06:18:56.842105263,4,2,5,4,4,5,5,2,4,2,1,4,5,3,Bien,Regular,Genial,Bien,Bien,Regular,5,5,Online,4,Contenido muy útil para mi futuro profesional
2025-01-26 18:56:50.526315789,5,5,2,4,3,4,4,3,3,3,4,3,5,1,Genial,Bien,Regular,Bien,Bien,Bien,2,3,Online,3,Buen curso en general
2025-01-27 07:34:44.210526315,4,2,3,2,2,3,5,1,4,2,5,2,5,4,Pésimo,Genial,Bien,Regular,Genial,Genial,4,3,Presencial,3,Muy buen dominio de la materia por parte del profesor
2025-01-27 20:12:37.894736842,4,4,5,5,3,4,4,3,4,5,3,4,2,4,Mal,Genial,Genial,Regular,Bien,Genial,4,2,Online,4,El horario me viene perfecto
2025-01-28 08:50:31.578947368,3,4,4,4,4,3,3,5,4,4,3,3,1,2,Bien,Genial,Regular,Regular,Mal,Bien,1,5,Online,4,
2025-01-28 21:28:25.263157894,5,5,4,5,2,3,4,4,5,2,4,4,4,3,Bien,Genial,Regular,Genial,Bien,Genial,5,2,Online,3,
2025-01-29 10:06:18.947368421,2,4,2,3,5,5,5,5,4,3,4,5,3,1,Genial,Pésimo,Bien,Mal,Bien,Bien,1,3,Online,4,El contenido está muy actualizado
2025-01-29 22:44:12.631578947,3,3,4,3,2,4,5,4,1,4,4,4,3,4,Genial,Regular,Genial,Regular,Regular,Bien,2,2,Online,4,
2025-01-30 11:22:06.315789473,5,4,2,4,4,5,5,5,3,4,3,5,2,1,Mal,Genial,Bien,Regular,Genial,Genial,3,2,Presencial,4,Contenido muy útil para mi futuro profesional
2025-01-31 00:00:00.000000000,4,4,3,4,5,4,3,5,5,3,1,5,5,5,Genial,Bien,Bien,Pésimo,Regular,Bien,4,4,Presencial,4,
2025-02-01 00:00:00.000000000,5,4,4,5,4,2,4,4,5,4,5,4,4,5,Bien,Genial,Bien,Bien,Pésimo,Bien,3,4,Online,4,Podría mejorar la organización de las actividades
2025-02-01 15:25:42.857142857,3,4,4,5,5,4,5,4,1,3,4,3,5,5,Regular,Bien,Genial,Genial,Genial,Bien,5,4,Online,4,El contenido está muy actualizado
2025-02-02 06:51:25.714285714,5,5,5,5,3,4,3,2,5,4,4,3,4,1,Mal,Pésimo,Bien,Bien,Mal,Genial,3,4,Presencial,4,A veces las clases se hacen un poco largas
2025-02-02 22:17:08.571428571,4,5,5,4,3,5,5,3,3,5,4,4,4,4,Bien,Genial,Genial,Bien,Bien,Bien,5,2,Online,5,El horario me viene perfecto
2025-02-03 13:42:51.428571428,4,4,5,4,3,4,3,5,2,4,1,3,4,3,Mal,Bien,Pésimo,Pésimo,Genial,Genial,5,5,Online,4,"Genial, aprendí mucho"
2025-02-04 05:08:34.285714285,5,3,4,5,4,4,5,4,5,5,5,2,3,5,Regular,Mal,Regular,Mal,Genial,Genial,4,1,Presencial,4,
2025-02-04 20:34:17.142857142,3,5,5,3,4,2,4,4,2,4,3,4,4,1,Genial,Genial,Bien,Pésimo,Genial,Genial,3,3,Online,3,
2025-02-05 12:00:00.000000000,5,2,4,3,5,4,4,3,4,5,5,2,3,5,Bien,Bien,Genial,Genial,Bien,Bien,3,4,Online,4,"Genial, aprendí mucho"
2025-02-06 03:25:42.857142857,5,4,3,4,5,5,3,2,3,5,4,4,4,4,Genial,Bien,Mal,Mal,Bien,Genial,3,5,Presencial,4,Podría mejorar la organización de las actividades
2025-02-06 18:51:25.714285714,4,5,2,4,4,4,5,3,5,4,4,4,3,2,Bien,Bien,Bien,Regular,Genial,Bien,2,3,Presencial,3,
2025-02-07 10:17:08.571428571,4,4,2,4,3,5,3,5,3,3,4,4,3,4,Bien,Mal,Mal,Bien,Bien,Bien,5,3,Presencial,4,El profesor explica muy bien pero va muy rápido
2025-02-08 01:42:51.428571428,5,3,2,3,5,3,2,2,5,4,3,4,4,4,Regular,Genial,Regular,Bien,Pésimo,Bien,4,4,Online,3,A veces las clases se hacen un poco largas
2025-02-08 17:08:34.285714285,3,4,5,4,5,4,4,5,3,4,5,4,3,4,Genial,Genial,Bien,Bien,Genial,Mal,3,4,Presencial,4,Excelente calidad de audio y video
2025-02-09 08:34:17.142857142,5,3,4,4,5,5,5,1,4,5,1,4,5,4,Pésimo,Pésimo,Bien,Mal,Bien,Genial,3,5,Online,4,Muy recomendable
2025-02-10 00:00:00.000000000,3,2,4,5,4,5,4,2,5,4,3,4,3,2,Pésimo,Bien,Genial,Bien,Genial,Regular,3,2,Online,4,Buen curso en general
2025-02-10 15:25:42.857142857,4,4,3,3,4,5,1,4,5,3,1,3,4,2,Bien,Bien,Bien,Regular,Bien,Genial,5,5,Online,3,Las clases son muy prácticas y útiles
2025-02-11 06:51:25.714285714,5,3,4,3,4,3,5,3,1,4,2,2,2,4,Bien,Genial,Genial,Regular,Regular,Regular,5,1,Online,3,
2025-02-11 22:17:08.571428571,2,4,5,4,5,5,5,5,4,3,2,4,2,5,Regular,Genial,Bien,Regular,Genial,Bien,4,2,Online,4,Muy satisfecho con el curso
2025-02-12 13:42:51.428571428,5,5,3,2,2,5,3,4,3,4,2,3,5,5,Genial,Pésimo,Regular,Bien,Regular,Genial,4,1,Presencial,3,"Genial, aprendí mucho"
2025-02-13 05:08:34.285714285,3,3,3,3,4,5,3,3,3,4,3,4,4,1,Pésimo,Mal,Bien,Genial,Pésimo,Genial,2,5,Online,3,Muy satisfecho con el curso
2025-02-13 20:34:17.142857142,4,5,5,4,4,5,5,1,3,4,3,3,1,4,Regular,Mal,Regular,Genial,Genial,Bien,4,5,Online,4,Muy satisfecho con el curso
2025-02-14 12:00:00.000000000,5,4,4,2,5,5,3,5,5,4,4,4,3,5,Genial,Bien,Bien,Mal,Mal,Bien,1,4,Online,4,"Genial, aprendí mucho"
2025-02-15 03:25:42.857142857,5,5,4,1,4,5,2,3,5,1,5,4,3,1,Genial,Bien,Bien,Bien,Genial,Genial,4,3,Presencial,3,Buen curso en general
2025-02-15 18:51:25.714285714,5,5,4,2,2,4,4,5,3,3,4,4,2,4,Bien,Genial,Bien,Regular,Bien,Genial,1,5,Online,4,"Genial, aprendí mucho"
2025-02-16 10:17:08.571428571,5,3,3,2,5,4,4,5,3,4,1,3,5,5,Bien,Bien,Bien,Pésimo,Regular,Regular,3,5,Online,3,Muy buen dominio de la materia por parte del profesor
2025-02-17 01:42:51.428571428,1,5,2,5,3,5,3,5,4,4,2,5,4,1,Pésimo,Genial,Regular,Bien,Bien,Genial,5,5,Online,3,El horario me viene perfecto
2025-02-17 17:08:34.285714285,3,4,4,1,5,2,4,5,4,2,4,5,3,4,Regular,Bien,Genial,Regular,Bien,Bien,4,1,Online,4,Podría mejorar la organización de las actividades
2025-02-18 08:34:17.142857142,4,1,4,3,3,4,4,4,1,4,3,4,4,4,Genial,Regular,Genial,Regular,Bien,Bien,1,4,Online,3,Podría mejorar la organización de las actividades
2025-02-19 00:00:00.000000000,1,5,4,5,4,1,3,3,5,4,3,5,3,5,Genial,Regular,Regular,Regular,Bien,Bien,5,4,Online,4,Muy buen dominio de la materia por parte del profesor
2025-02-19 15:25:42.857142857,4,5,5,2,4,4,5,2,4,5,4,4,1,3,Regular,Genial,Regular,Regular,Bien,Regular,4,4,Presencial,4,El contenido está muy actualizado
2025-02-20 06:51:25.714285714,5,5,5,4,4,4,1,4,4,5,4,2,3,4,Regular,Regular,Genial,Bien,Bien,Regular,5,3,Presencial,3,Muy buen dominio de la materia por parte del profesor
2025-02-20 22:17:08.571428571,5,4,3,3,4,5,4,5,1,4,5,5,2,4,Regular,Bien,Genial,Bien,Regular,Genial,4,3,Online,4,Me gustaría más tiempo para practicar
2025-02-21 13:42:51.428571428,4,4,4,3,5,4,2,5,5,5,4,2,4,2,Genial,Regular,Regular,Regular,Bien,Genial,4,2,Online,3,
2025-02-22 05:08:34.285714285,2,2,2,1,4,5,4,4,5,3,5,4,4,3,Bien,Mal,Genial,Regular,Genial,Bien,2,4,Online,3,Podría mejorar la organización de las actividades
2025-02-22 20:34:17.142857142,5,5,1,4,4,5,2,4,4,3,3,4,5,5,Bien,Bien,Regular,Genial,Genial,Genial,5,3,Presencial,3,
2025-02-23 12:00:00.000000000,3,4,4,4,3,5,4,1,3,5,3,2,4,4,Bien,Mal,Mal,Bien,Regular,Bien,4,3,Presencial,3,
2025-02-24 03:25:42.857142857,3,5,4,2,4,4,5,4,3,5,5,4,3,4,Bien,Mal,Regular,Bien,Bien,Bien,3,3,Presencial,4,El contenido está muy actualizado
2025-02-24 18:51:25.714285714,3,4,4,5,2,3,3,5,2,4,3,5,5,4,Bien,Regular,Pésimo,Regular,Bien,Bien,5,3,Online,4,Las conexiones a veces fallan
2025-02-25 10:17:08.571428571,4,3,4,4,5,5,3,1,3,4,3,5,5,5,Regular,Genial,Genial,Regular,Bien,Genial,4,3,Online,3,Muy recomendable
2025-02-26 01:42:51.428571428,4,4,3,4,3,3,3,4,3,4,4,4,4,5,Bien,Bien,Regular,Genial,Pésimo,Regular,5,1,Online,4,Buen curso en general
2025-02-26 17:08:34.285714285,4,3,2,3,5,4,3,2,4,4,4,4,2,4,Genial,Regular,Bien,Regular,Bien,Regular,5,3,Online,3,El profesor explica muy bien pero va muy rápido
2025-02-27 08:34:17.142857143,2,4,4,3,4,2,4,4,4,2,5,5,2,3,Bien,Genial,Genial,Bien,Genial,Pésimo,1,5,Presencial,3,Las conexiones a veces fallan
2025-02-28 00:00:00.000000000,2,4,3,5,4,3,4,2,4,4,3,4,5,5,Bien,Bien,Regular,Regular,Bien,Bien,5,3,Online,4,Excelente calidad de audio y video
2025-03-01 00:00:00.000000000,4,3,5,1,5,4,4,4,4,1,5,4,3,2,Bien,Bien,Bien,Bien,Bien,Genial,4,5,Online,3,"Genial, aprendí mucho"
2025-03-01 16:00:00.000000000,3,4,5,2,2,5,3,4,4,5,2,2,4,5,Bien,Regular,Bien,Genial,Genial,Genial,1,2,Online,3,El profesor explica muy bien pero va muy rápido
2025-03-02 08:00:00.000000000,5,5,3,5,4,5,5,5,4,3,5,4,3,4,Genial,Mal,Bien,Regular,Pésimo,Regular,5,5,Online,5,
2025-03-03 00:00:00.000000000,2,4,5,3,1,5,3,5,4,5,4,4,3,4,Bien,Regular,Bien,Bien,Genial,Genial,4,2,Presencial,4,Me gustaría más tiempo para practicar
2025-03-03 16:00:00.000000000,2,5,1,4,4,2,5,1,2,4,5,5,4,4,Bien,Pésimo,Mal,Bien,Bien,Bien,5,4,Online,4,"Excelente profesor, muy claro en las explicaciones"
2025-03-04 08:00:00.000000000,5,1,5,5,5,5,4,3,4,3,3,5,3,5,Genial,Genial,Genial,Genial,Genial,Bien,3,5,Presencial,4,Muy recomendable
2025-03-05 00:00:00.000000000,2,5,5,3,4,2,5,3,4,4,2,4,2,4,Pésimo,Bien,Genial,Genial,Genial,Genial,2,2,Online,3,A veces las clases se hacen un poco largas
2025-03-05 16:00:00.000000000,4,3,4,3,3,4,4,3,3,4,2,2,1,5,Genial,Genial,Genial,Bien,Bien,Bien,1,4,Presencial,2,Excelente calidad de audio y video
2025-03-06 08:00:00.000000000,4,4,5,3,5,4,5,4,4,4,5,5,1,2,Genial,Bien,Bien,Regular,Mal,Genial,5,3,Online,4,
2025-03-07 00:00:00.000000000,4,5,2,5,4,2,4,5,5,3,5,2,1,4,Bien,Genial,Regular,Pésimo,Bien,Pésimo,2,3,Online,4,
2025-03-07 16:00:00.000000000,2,4,2,4,2,4,3,2,4,5,2,4,4,4,Genial,Regular,Genial,Regular,Regular,Genial,4,4,Presencial,3,Me gustaría más tiempo para practicar
2025-03-08 08:00:00.000000000,2,4,3,5,3,4,4,3,4,3,4,3,4,2,Bien,Regular,Genial,Regular,Genial,Genial,3,4,Online,4,Las clases son muy prácticas y útiles
2025-03-09 00:00:00.000000000,4,3,4,2,5,4,5,3,3,3,1,3,5,5,Bien,Bien,Pésimo,Genial,Pésimo,Genial,4,3,Presencial,3,Muy buen dominio de la materia por parte del profesor
2025-03-09 16:00:00.000000000,4,4,3,4,4,5,1,5,2,3,3,1,2,5,Regular,Mal,Mal,Bien,Genial,Regular,1,2,Online,3,
2025-03-10 08:00:00.000000000,4,4,4,2,4,5,4,5,4,5,5,3,3,4,Bien,Mal,Genial,Pésimo,Bien,Bien,3,5,Presencial,4,Buen curso en general
2025-03-11 00:00:00.000000000,4,3,5,2,4,5,3,5,1,5,2,4,3,5,Bien,Mal,Bien,Regular,Bien,Genial,4,3,Online,3,El profesor explica muy bien pero va muy rápido
2025-03-11 16:00:00.000000000,3,3,4,1,5,1,5,5,4,4,4,4,4,1,Mal,Bien,Bien,Genial,Mal,Genial,3,3,Online,3,Muy recomendable
2025-03-12 08:00:00.000000000,4,5,3,2,5,4,5,5,3,4,4,3,4,5,Bien,Pésimo,Regular,Regular,Genial,Mal,5,4,Presencial,5,Las conexiones a veces fallan
2025-03-13 00:00:00.000000000,3,4,2,2,4,4,5,3,1,5,3,5,5,5,Regular,Genial,Genial,Bien,Regular,Regular,2,4,Online,3,"Excelente profesor, muy claro en las explicaciones"
2025-03-13 16:00:00.000000000,5,1,4,4,3,2,5,5,5,5,4,3,2,2,Bien,Genial,Genial,Genial,Genial,Genial,3,4,Online,4,
2025-03-14 08:00:00.000000000,5,4,3,5,4,3,5,5,4,5,3,3,4,3,Bien,Genial,Genial,Regular,Genial,Genial,4,2,Online,4,
2025-03-15 00:00:00.000000000,4,5,4,3,3,5,5,3,3,5,2,4,1,5,Mal,Bien,Mal,Bien,Genial,Bien,4,3,Online,4,El profesor explica muy bien pero va muy rápido
2025-03-15 16:00:00.000000000,5,4,5,5,4,3,4,5,2,4,5,4,4,3,Mal,Genial,Mal,Regular,Genial,Regular,5,5,Online,5,Contenido muy útil para mi futuro profesional
2025-03-16 08:00:00.000000000,5,2,5,5,3,4,5,4,2,5,5,4,4,4,Regular,Bien,Regular,Genial,Mal,Bien,4,5,Online,4,
2025-03-17 00:00:00.000000000,2,5,2,3,3,4,5,4,5,5,4,5,4,5,Bien,Bien,Bien,Genial,Regular,Regular,4,2,Online,4,Muy satisfecho con el curso
2025-03-17 16:00:00.000000000,3,5,4,5,2,3,5,5,3,5,5,5,3,3,Bien,Bien,Mal,Bien,Pésimo,Bien,3,4,Online,4,Muy recomendable
2025-03-18 08:00:00.000000000,3,4,2,4,3,1,2,5,5,3,5,4,5,4,Bien,Mal,Bien,Genial,Bien,Regular,2,4,Online,4,"Excelente profesor, muy claro en las explicaciones"
2025-03-19 00:00:00.000000000,4,5,2,3,5,4,3,4,2,5,2,5,3,5,Mal,Bien,Bien,Regular,Bien,Genial,5,1,Online,4,
2025-03-19 16:00:00.000000000,5,5,4,3,4,3,3,5,1,2,1,3,1,5,Regular,Mal,Regular,Genial,Bien,Bien,5,3,Online,3,Las conexiones a veces fallan
2025-03-20 08:00:00.000000000,4,5,4,4,4,4,1,5,2,4,5,4,5,4,Genial,Genial,Genial,Genial,Genial,Genial,4,2,Online,4,Podría mejorar la organización de las actividades
2025-03-21 00:00:00.000000000,3,4,4,2,4,4,3,4,4,4,2,4,4,5,Bien,Regular,Genial,Bien,Pésimo,Bien,3,4,Online,3,
2025-03-21 16:00:00.000000000,1,4,5,5,5,3,3,5,2,3,2,3,2,4,Bien,Genial,Pésimo,Regular,Bien,Bien,4,5,Online,3,A veces las clases se hacen un poco largas
2025-03-22 08:00:00.000000000,5,4,3,1,2,4,3,3,1,5,5,5,2,5,Bien,Genial,Bien,Regular,Genial,Mal,4,5,Presencial,5,Me gustaría más tiempo para practicar
2025-03-23 00:00:00.000000000,4,3,1,4,4,3,2,4,4,5,5,5,4,5,Bien,Genial,Genial,Genial,Bien,Mal,3,1,Online,4,El contenido está muy actualizado
2025-03-23 16:00:00.000000000,4,2,5,2,5,5,4,5,4,5,4,5,3,5,Bien,Bien,Genial,Genial,Bien,Regular,4,5,Presencial,4,Podría mejorar la organización de las actividades
2025-03-24 08:00:00.000000000,5,5,2,4,5,5,4,5,5,3,5,4,4,5,Genial,Bien,Pésimo,Bien,Genial,Bien,5,5,Online,4,Podría mejorar la organización de las actividades
2025-03-25 00:00:00.000000000,4,4,3,3,4,3,3,3,4,2,5,4,4,5,Regular,Bien,Genial,Bien,Genial,Genial,3,1,Online,3,Me gustaría más tiempo para practicar
2025-03-25 16:00:00.000000000,4,5,5,4,5,4,4,4,2,1,3,4,3,4,Genial,Bien,Bien,Mal,Pésimo,Genial,4,4,Online,3,Podría mejorar la organización de las actividades
2025-03-26 08:00:00.000000000,4,5,3,4,1,5,1,5,1,3,4,4,2,3,Genial,Bien,Mal,Bien,Mal,Bien,3,4,Online,4,Buen curso en general
2025-03-27 00:00:00.000000000,5,2,5,4,2,4,4,5,2,4,4,5,3,5,Genial,Regular,Genial,Genial,Regular,Bien,4,3,Online,4,El profesor explica muy bien pero va muy rápido
2025-03-27 16:00:00.000000000,2,5,5,4,4,5,3,4,3,2,4,3,1,2,Genial,Pésimo,Genial,Pésimo,Genial,Genial,5,5,Online,3,
2025-03-28 08:00:00.000000000,5,4,3,3,4,3,3,5,2,5,1,4,5,3,Regular,Bien,Genial,Bien,Regular,Regular,5,5,Online,3,Muy buen dominio de la materia por parte del profesor
2025-03-29 00:00:00.000000000,4,2,4,4,4,4,4,5,1,4,4,4,2,3,Regular,Genial,Genial,Bien,Genial,Mal,5,4,Online,4,Muy recomendable
2025-03-29 16:00:00.000000000,5,4,4,2,5,2,4,4,3,4,2,4,4,5,Regular,Genial,Bien,Genial,Bien,Bien,5,5,Online,3,
2025-03-30 08:00:00.000000000,3,3,5,3,3,4,3,3,2,3,2,1,5,2,Genial,Genial,Bien,Regular,Mal,Genial,4,4,Online,2,Muy satisfecho con el curso
2025-03-31 00:00:00.000000000,4,3,4,4,4,5,5,3,3,4,4,3,4,5,Bien,Genial,Genial,Mal,Regular,Genial,5,1,Online,4,Excelente calidad de audio y video
2025-04-01 00:00:00.000000000,4,5,5,3,3,4,4,3,5,4,5,5,4,5,Bien,Genial,Bien,Regular,Bien,Bien,4,3,Online,4,Muy recomendable
2025-04-01 14:30:00.000000000,2,5,3,3,4,3,4,4,3,4,3,3,5,4,Bien,Pésimo,Bien,Bien,Bien,Genial,3,3,Presencial,3,Las clases son muy prácticas y útiles
2025-04-02 05:00:00.000000000,3,4,4,2,4,5,5,5,5,4,4,4,4,3,Bien,Bien,Pésimo,Bien,Pésimo,Regular,1,3,Online,4,Me gustaría más tiempo para practicar
2025-04-02 19:30:00.000000000,4,4,5,5,3,3,3,4,4,4,2,5,5,3,Bien,Bien,Genial,Genial,Bien,Bien,5,3,Online,3,
2025-04-03 10:00:00.000000000,5,5,4,4,3,4,4,3,5,4,5,3,3,4,Mal,Bien,Regular,Mal,Regular,Regular,5,1,Online,5,
2025-04-04 00:30:00.000000000,2,2,2,4,3,3,3,5,5,3,3,3,3,1,Bien,Bien,Genial,Mal,Genial,Genial,2,3,Online,2,El profesor explica muy bien pero va muy rápido
2025-04-04 15:00:00.000000000,4,5,3,2,3,5,4,5,3,3,4,4,1,2,Regular,Mal,Regular,Genial,Bien,Bien,4,3,Online,3,El horario me viene perfecto
2025-04-05 05:30:00.000000000,4,2,4,5,3,4,5,4,5,4,5,1,2,3,Bien,Genial,Regular,Bien,Genial,Bien,4,4,Online,3,Muy satisfecho con el curso
2025-04-05 20:00:00.000000000,4,4,5,4,2,4,1,5,4,3,3,5,4,4,Regular,Bien,Pésimo,Pésimo,Mal,Regular,4,5,Online,4,A veces las clases se hacen un poco largas
2025-04-06 10:30:00.000000000,5,4,1,4,4,2,3,2,4,4,4,5,5,4,Pésimo,Bien,Bien,Bien,Bien,Bien,5,2,Online,3,"Genial, aprendí mucho"
2025-04-07 01:00:00.000000000,5,5,5,5,4,4,1,2,3,4,3,4,2,5,Regular,Bien,Bien,Pésimo,Genial,Bien,3,2,Online,4,
2025-04-07 15:30:00.000000000,5,4,4,4,4,4,5,5,4,5,3,2,3,4,Genial,Bien,Bien,Bien,Pésimo,Bien,5,2,Online,3,Muy satisfecho con el curso
2025-04-08 06:00:00.000000000,4,3,3,4,4,4,2,5,3,3,4,4,5,5,Regular,Genial,Genial,Genial,Regular,Bien,3,5,Online,4,Las clases son muy prácticas y útiles
2025-04-08 20:30:00.000000000,5,5,1,4,3,3,5,3,4,4,5,5,5,4,Regular,Bien,Bien,Bien,Bien,Bien,3,2,Online,5,Me gustaría más tiempo para practicar
2025-04-09 11:00:00.000000000,3,5,4,4,4,1,4,4,5,5,4,3,2,3,Bien,Regular,Bien,Mal,Genial,Mal,5,5,Online,4,Las conexiones a veces fallan
2025-04-10 01:30:00.000000000,4,4,3,3,4,4,4,3,3,2,2,3,1,2,Genial,Pésimo,Bien,Regular,Genial,Bien,3,4,Online,3,Las clases son muy prácticas y útiles
2025-04-10 16:00:00.000000000,2,1,3,3,4,1,4,4,4,5,4,5,2,4,Bien,Bien,Bien,Regular,Bien,Bien,5,5,Online,3,Muy satisfecho con el curso
2025-04-11 06:30:00.000000000,1,3,4,5,5,3,3,3,5,5,5,4,4,4,Regular,Bien,Pésimo,Mal,Genial,Genial,4,4,Online,4,Podría mejorar la organización de las actividades
2025-04-11 21:00:00.000000000,5,3,3,4,3,5,3,2,3,5,3,4,3,2,Bien,Genial,Bien,Genial,Regular,Mal,5,3,Online,4,
2025-04-12 11:30:00.000000000,2,3,4,5,5,4,4,3,4,5,3,1,4,4,Bien,Bien,Bien,Regular,Bien,Bien,5,5,Presencial,4,El horario me viene perfecto
2025-04-13 02:00:00.000000000,3,4,4,4,3,4,5,4,4,4,5,4,4,1,Regular,Bien,Bien,Bien,Mal,Genial,5,2,Online,4,El horario me viene perfecto
2025-04-13 16:30:00.000000000,4,3,2,5,4,4,4,5,4,5,4,5,5,5,Regular,Regular,Regular,Regular,Genial,Pésimo,2,3,Online,4,Me gustaría más tiempo para practicar
2025-04-14 07:00:00.000000000,1,1,3,3,3,4,4,5,2,3,5,5,3,4,Genial,Bien,Regular,Genial,Bien,Regular,4,3,Presencial,3,
2025-04-14 21:30:00.000000000,4,4,5,2,4,4,5,4,5,5,2,4,1,3,Bien,Genial,Genial,Mal,Mal,Bien,4,3,Presencial,4,"Excelente profesor, muy claro en las explicaciones"
2025-04-15 12:00:00.000000000,4,3,2,2,5,3,2,5,2,4,3,2,3,1,Genial,Bien,Mal,Mal,Bien,Regular,3,4,Presencial,3,Podría mejorar la organización de las actividades
2025-04-16 02:30:00.000000000,3,5,3,3,3,5,2,4,4,4,4,5,1,3,Regular,Mal,Regular,Regular,Bien,Bien,4,4,Online,4,Podría mejorar la organización de las actividades
2025-04-16 17:00:00.000000000,5,5,4,5,5,5,5,4,4,4,4,5,5,4,Bien,Bien,Bien,Bien,Pésimo,Bien,2,1,Presencial,4,Muy buen dominio de la materia por parte del profesor
2025-04-17 07:30:00.000000000,5,4,5,2,3,5,3,4,3,3,5,4,4,2,Genial,Bien,Bien,Bien,Regular,Genial,4,3,Online,4,Me gustaría más tiempo para practicar
2025-04-17 22:00:00.000000000,3,4,5,4,2,4,5,3,4,4,3,4,5,4,Bien,Regular,Bien,Genial,Regular,Bien,4,4,Online,3,
2025-04-18 12:30:00.000000000,3,5,4,4,3,5,3,2,4,5,2,2,5,5,Regular,Bien,Bien,Bien,Genial,Mal,5,3,Online,4,"Genial, aprendí mucho"
2025-04-19 03:00:00.000000000,3,1,3,4,4,4,5,5,3,4,4,5,5,3,Genial,Bien,Pésimo,Pésimo,Bien,Bien,1,4,Online,4,Las conexiones a veces fallan
2025-04-19 17:30:00.000000000,3,1,2,3,2,4,2,5,1,2,3,5,4,5,Mal,Genial,Pésimo,Mal,Bien,Bien,5,1,Presencial,4,El horario me viene perfecto
2025-04-20 08:00:00.000000000,5,5,3,5,3,3,3,5,2,1,5,3,2,3,Bien,Bien,Pésimo,Genial,Genial,Regular,3,3,Online,5,Muy recomendable
2025-04-20 22:30:00.000000000,3,5,3,4,5,4,3,4,1,5,4,5,5,5,Genial,Bien,Bien,Regular,Bien,Genial,3,5,Presencial,4,Podría mejorar la organización de las actividades
2025-04-21 13:00:00.000000000,4,3,1,5,2,2,1,4,4,4,3,5,2,5,Bien,Bien,Regular,Pésimo,Bien,Bien,2,5,Presencial,3,Las conexiones a veces fallan
2025-04-22 03:30:00.000000000,4,4,2,4,3,3,4,4,1,4,4,3,3,5,Bien,Bien,Regular,Bien,Genial,Bien,2,3,Presencial,4,
2025-04-22 18:00:00.000000000,3,1,4,4,4,2,2,3,3,5,3,1,3,4,Bien,Genial,Mal,Bien,Regular,Regular,5,2,Online,3,El horario me viene perfecto
2025-04-23 08:30:00.000000000,4,4,4,5,2,4,4,4,3,4,5,4,5,4,Mal,Mal,Mal,Regular,Regular,Genial,5,1,Online,4,El contenido está muy actualizado
2025-04-23 23:00:00.000000000,1,3,4,2,4,4,5,4,3,3,5,5,2,5,Mal,Mal,Regular,Genial,Bien,Genial,3,3,Online,3,Podría mejorar la organización de las actividades
2025-04-24 13:30:00.000000000,5,4,3,5,4,3,5,2,5,5,4,5,4,3,Bien,Mal,Bien,Bien,Bien,Regular,4,5,Online,4,
2025-04-25 04:00:00.000000000,4,3,5,3,5,5,4,5,4,3,4,2,4,3,Bien,Genial,Genial,Regular,Bien,Bien,5,3,Online,3,Podría mejorar la organización de las actividades
2025-04-25 18:30:00.000000000,5,3,4,5,4,3,3,1,3,5,1,3,4,5,Bien,Bien,Bien,Mal,Bien,Bien,5,1,Online,4,Las conexiones a veces fallan
2025-04-26 09:00:00.000000000,2,5,1,5,4,4,3,1,3,2,4,3,4,3,Genial,Bien,Mal,Regular,Regular,Regular,4,4,Presencial,2,Buen curso en general
2025-04-26 23:30:00.000000000,3,1,4,4,4,3,5,3,2,4,4,3,3,3,Genial,Genial,Bien,Bien,Genial,Mal,5,5,Online,3,El profesor explica muy bien pero va muy rápido
2025-04-27 14:00:00.000000000,3,5,3,5,4,5,4,4,3,5,4,4,4,5,Bien,Regular,Bien,Bien,Genial,Genial,4,3,Presencial,4,
2025-04-28 04:30:00.000000000,3,3,3,5,3,4,5,2,5,5,5,3,4,5,Genial,Regular,Genial,Regular,Regular,Bien,5,3,Online,3,El profesor explica muy bien pero va muy rápido
2025-04-28 19:00:00.000000000,1,4,2,2,4,4,1,1,1,5,4,1,3,5,Genial,Genial,Regular,Mal,Regular,Genial,5,3,Online,4,A veces las clases se hacen un poco largas
2025-04-29 09:30:00.000000000,3,3,4,1,3,4,1,2,3,5,5,1,4,3,Bien,Genial,Genial,Regular,Genial,Genial,5,4,Online,4,
2025-04-30 00:00:00.000000000,5,2,1,5,3,5,5,5,5,3,5,2,3,5,Bien,Bien,Bien,Bien,Genial,Mal,4,5,Online,3,Buen curso en general
2025-05-01 00:00:00.000000000,4,3,3,4,4,4,4,5,4,4,3,1,3,5,Regular,Genial,Bien,Mal,Regular,Bien,4,4,Presencial,4,"Excelente profesor, muy claro en las explicaciones"
2025-05-01 14:07:03.529411764,4,5,2,4,5,5,3,3,4,2,5,5,4,2,Genial,Bien,Genial,Pésimo,Pésimo,Bien,2,4,Presencial,4,"Excelente profesor, muy claro en las explicaciones"
2025-05-02 04:14:07.058823529,5,5,4,4,4,1,2,5,3,2,3,5,3,5,Regular,Bien,Pésimo,Bien,Bien,Regular,4,4,Online,3,
2025-05-02 18:21:10.588235294,2,3,1,3,2,4,4,5,4,5,2,1,4,3,Regular,Regular,Regular,Bien,Bien,Bien,4,3,Online,3,El horario me viene perfecto
2025-05-03 08:28:14.117647058,3,5,5,5,5,5,5,5,1,4,5,4,2,3,Regular,Bien,Genial,Genial,Genial,Genial,4,3,Online,4,El horario me viene perfecto
2025-05-03 22:35:17.647058823,4,4,5,4,3,4,4,3,1,4,5,4,5,5,Mal,Genial,Bien,Regular,Bien,Genial,3,5,Presencial,4,Excelente calidad de audio y video
2025-05-04 12:42:21.176470588,5,1,4,5,5,5,5,5,3,4,1,1,2,2,Regular,Regular,Pésimo,Genial,Pésimo,Genial,3,5,Presencial,4,Las conexiones a veces fallan
2025-05-05 02:49:24.705882352,5,4,5,5,3,3,5,5,4,5,1,3,4,4,Mal,Bien,Pésimo,Bien,Genial,Genial,4,3,Online,4,
2025-05-05 16:56:28.235294117,4,4,5,4,3,3,1,4,2,2,4,4,4,4,Genial,Genial,Genial,Bien,Regular,Genial,3,2,Online,4,Podría mejorar la organización de las actividades
2025-05-06 07:03:31.764705882,5,5,4,1,4,2,2,4,3,3,4,5,5,4,Regular,Regular,Regular,Bien,Bien,Bien,4,2,Online,5,Podría mejorar la organización de las actividades
2025-05-06 21:10:35.294117647,3,4,3,3,3,1,5,4,1,3,2,4,1,5,Pésimo,Regular,Genial,Bien,Mal,Genial,4,5,Online,3,
2025-05-07 11:17:38.823529411,2,4,4,5,4,2,3,3,5,5,4,2,5,5,Genial,Genial,Bien,Mal,Bien,Bien,4,4,Online,3,Muy recomendable
2025-05-08 01:24:42.352941176,4,2,4,5,5,4,4,1,4,4,4,5,3,1,Regular,Bien,Bien,Genial,Bien,Bien,4,3,Online,4,Las conexiones a veces fallan
2025-05-08 15:31:45.882352941,4,4,4,5,5,3,2,4,3,1,5,3,5,5,Genial,Regular,Regular,Bien,Regular,Regular,3,2,Online,3,Muy satisfecho con el curso
2025-05-09 05:38:49.411764705,4,5,4,4,5,4,5,5,5,5,4,3,4,3,Regular,Regular,Genial,Genial,Bien,Bien,4,4,Online,3,Me gustaría más tiempo para practicar
2025-05-09 19:45:52.941176470,5,4,5,4,5,3,5,3,4,3,4,3,3,5,Regular,Genial,Genial,Pésimo,Bien,Regular,1,3,Presencial,3,
2025-05-10 09:52:56.470588235,3,5,3,3,3,3,4,5,5,2,5,5,1,4,Genial,Bien,Genial,Bien,Bien,Pésimo,4,1,Online,4,Podría mejorar la organización de las actividades
2025-05-11 00:00:00.000000000,4,5,4,5,5,3,5,4,1,4,5,4,3,5,Genial,Bien,Regular,Regular,Genial,Genial,3,3,Online,5,Buen curso en general
2025-05-11 14:07:03.529411764,1,1,1,4,4,3,5,3,3,5,4,4,1,5,Bien,Genial,Regular,Regular,Genial,Genial,2,5,Online,2,"Genial, aprendí mucho"
2025-05-12 04:14:07.058823529,2,4,3,5,3,4,4,5,2,4,2,5,5,4,Bien,Genial,Bien,Regular,Bien,Bien,2,5,Online,4,
2025-05-12 18:21:10.588235294,4,4,5,3,5,4,2,5,3,3,4,3,3,5,Mal,Genial,Bien,Mal,Mal,Bien,4,1,Online,4,El contenido está muy actualizado
2025-05-13 08:28:14.117647058,3,1,5,2,3,4,3,4,5,4,5,5,3,4,Bien,Bien,Regular,Genial,Bien,Bien,4,3,Presencial,4,Muy satisfecho con el curso
2025-05-13 22:35:17.647058823,4,3,5,5,3,3,5,5,4,2,4,4,2,4,Bien,Regular,Genial,Genial,Regular,Genial,2,5,Online,4,Muy satisfecho con el curso
2025-05-14 12:42:21.176470588,5,4,5,4,4,2,5,5,4,3,3,3,3,4,Genial,Pésimo,Pésimo,Bien,Regular,Genial,3,3,Online,3,"Excelente profesor, muy claro en las explicaciones"
2025-05-15 02:49:24.705882353,1,4,4,4,5,5,3,4,3,4,5,4,4,5,Genial,Mal,Genial,Regular,Regular,Mal,4,3,Online,5,Muy satisfecho con el curso
2025-05-15 16:56:28.235294117,2,4,2,5,5,4,2,1,4,4,5,3,4,5,Bien,Bien,Genial,Mal,Mal,Bien,2,4,Presencial,4,Buen curso en general
2025-05-16 07:03:31.764705882,4,5,3,2,4,3,4,4,3,4,4,5,4,4,Bien,Genial,Bien,Regular,Genial,Bien,2,5,Online,4,Podría mejorar la organización de las actividades
2025-05-16 21:10:35.294117647,4,3,5,3,1,5,4,5,5,2,3,3,3,4,Bien,Bien,Regular,Regular,Bien,Bien,2,4,Online,4,Buen curso en general
2025-05-17 11:17:38.823529411,5,3,5,2,5,2,3,1,4,5,4,5,4,4,Genial,Regular,Bien,Genial,Genial,Genial,5,2,Presencial,4,El contenido está muy actualizado
2025-05-18 01:24:42.352941176,1,4,4,3,3,3,5,4,4,4,4,4,1,3,Regular,Bien,Mal,Bien,Regular,Genial,3,3,Presencial,3,Muy satisfecho con el curso
2025-05-18 15:31:45.882352941,4,5,5,5,4,5,2,3,3,4,5,5,2,3,Bien,Regular,Bien,Genial,Genial,Bien,5,4,Online,5,Podría mejorar la organización de las actividades
2025-05-19 05:38:49.411764705,3,4,4,5,4,5,5,3,4,5,4,5,2,2,Genial,Genial,Genial,Bien,Genial,Genial,5,4,Online,5,El horario me viene perfecto
2025-05-19 19:45:52.941176470,3,4,3,5,5,5,5,4,4,4,4,3,1,4,Bien,Regular,Genial,Pésimo,Regular,Genial,4,4,Online,4,El contenido está muy actualizado
2025-05-20 09:52:56.470588235,5,3,5,4,3,4,2,5,2,5,2,5,2,5,Genial,Genial,Bien,Bien,Bien,Regular,4,2,Presencial,4,Muy recomendable
2025-05-21 00:00:00.000000000,4,5,3,5,2,4,3,5,2,5,3,4,5,4,Bien,Genial,Regular,Pésimo,Genial,Regular,5,2,Presencial,4,Las clases son muy prácticas y útiles
2025-05-21 14:07:03.529411764,4,5,5,4,4,3,5,4,2,3,3,5,2,4,Bien,Bien,Genial,Genial,Bien,Pésimo,4,4,Online,4,Muy recomendable
2025-05-22 04:14:07.058823529,3,4,3,5,3,5,1,4,4,3,5,4,4,4,Bien,Bien,Bien,Bien,Bien,Regular,3,1,Online,4,A veces las clases se hacen un poco largas
2025-05-22 18:21:10.588235294,4,3,4,3,4,4,4,3,5,5,4,4,3,5,Bien,Regular,Bien,Regular,Pésimo,Bien,4,3,Online,4,Muy satisfecho con el curso
2025-05-23 08:28:14.117647058,5,5,2,3,4,5,4,4,4,2,5,5,4,5,Genial,Regular,Bien,Regular,Mal,Genial,2,4,Online,4,Buen curso en general
2025-05-23 22:35:17.647058823,3,2,5,4,5,1,4,4,4,1,4,5,4,4,Mal,Mal,Bien,Bien,Genial,Genial,4,5,Online,4,
2025-05-24 12:42:21.176470588,3,4,5,2,5,4,5,3,2,4,2,5,1,5,Bien,Bien,Mal,Bien,Bien,Regular,5,3,Online,3,
2025-05-25 02:49:24.705882352,2,4,4,4,3,4,5,4,2,5,3,3,4,5,Bien,Bien,Regular,Regular,Mal,Genial,5,4,Online,4,El horario me viene perfecto
2025-05-25 16:56:28.235294117,4,4,4,4,4,5,3,1,4,3,5,5,1,2,Bien,Bien,Regular,Bien,Bien,Regular,1,4,Online,4,"Excelente profesor, muy claro en las explicaciones"
2025-05-26 07:03:31.764705882,3,3,1,3,4,4,5,2,4,5,4,1,2,3,Genial,Genial,Genial,Genial,Bien,Genial,5,3,Online,4,El horario me viene perfecto
2025-05-26 21:10:35.294117647,2,5,5,4,5,4,5,3,4,4,4,5,2,2,Bien,Bien,Regular,Regular,Genial,Regular,4,4,Online,4,Buen curso en general
2025-05-27 11:17:38.823529411,4,4,4,5,4,3,3,1,1,5,4,4,4,5,Bien,Genial,Bien,Genial,Bien,Regular,4,4,Online,4,A veces las clases se hacen un poco largas
2025-05-28 01:24:42.352941176,4,3,4,2,5,4,5,2,2,5,4,4,5,4,Regular,Genial,Pésimo,Genial,Mal,Bien,2,4,Online,4,
2025-05-28 15:31:45.882352941,5,1,3,1,4,5,5,5,4,3,5,5,4,4,Genial,Genial,Bien,Bien,Pésimo,Bien,4,2,Online,4,
2025-05-29 05:38:49.411764706,5,2,4,4,4,3,4,2,3,3,5,1,4,3,Mal,Regular,Regular,Bien,Bien,Genial,5,3,Presencial,3,Las clases son muy prácticas y útiles
2025-05-29 19:45:52.941176470,2,5,5,3,4,4,5,4,5,4,4,4,5,5,Pésimo,Regular,Bien,Regular,Genial,Genial,5,5,Online,4,El horario me viene perfecto
2025-05-30 09:52:56.470588235,1,4,5,3,4,4,1,5,4,4,5,5,3,3,Genial,Bien,Genial,Genial,Mal,Genial,4,4,Online,4,El contenido está muy actualizado
2025-05-31 00:00:00.000000000,4,4,5,5,3,3,4,4,2,3,5,4,5,5,Genial,Regular,Genial,Pésimo,Bien,Bien,3,5,Presencial,5,Muy buen dominio de la materia por parte del profesor
2025-06-01 00:00:00.000000000,3,5,4,3,4,3,5,1,5,2,4,5,1,4,Bien,Bien,Regular,Pésimo,Bien,Bien,4,2,Online,5,Muy satisfecho con el curso
2025-06-01 15:49:05.454545454,5,4,1,5,5,5,4,4,5,2,4,3,4,4,Regular,Regular,Bien,Mal,Regular,Genial,3,3,Presencial,4,El horario me viene perfecto
2025-06-02 07:38:10.909090909,4,5,5,5,1,4,3,2,5,5,3,1,3,5,Regular,Mal,Mal,Regular,Genial,Regular,4,2,Online,4,"Genial, aprendí mucho"
2025-06-02 23:27:16.363636363,5,1,4,4,3,4,5,4,1,4,4,4,4,1,Bien,Bien,Regular,Bien,Regular,Regular,5,3,Online,4,"Excelente profesor, muy claro en las explicaciones"
2025-06-03 15:16:21.818181818,4,5,5,5,3,5,1,4,5,3,3,3,4,4,Genial,Genial,Bien,Mal,Genial,Regular,2,1,Online,4,Podría mejorar la organización de las actividades
2025-06-04 07:05:27.272727272,3,5,2,2,4,5,4,3,1,4,1,4,2,5,Bien,Regular,Genial,Regular,Regular,Genial,3,3,Online,3,Buen curso en general
2025-06-04 22:54:32.727272727,3,4,2,1,2,5,2,5,1,2,4,4,5,5,Genial,Bien,Bien,Regular,Genial,Bien,4,2,Online,3,
2025-06-05 14:43:38.181818181,5,2,5,3,4,5,3,4,3,3,4,5,5,5,Bien,Genial,Genial,Regular,Mal,Bien,5,4,Presencial,4,A veces las clases se hacen un poco largas
2025-06-06 06:32:43.636363636,1,3,4,5,2,2,5,5,4,5,4,5,3,3,Genial,Bien,Genial,Regular,Genial,Genial,3,4,Online,4,Buen curso en general
2025-06-06 22:21:49.090909090,5,5,5,4,3,4,1,5,3,3,4,4,5,4,Bien,Regular,Genial,Regular,Bien,Mal,5,3,Online,5,Me gustaría más tiempo para practicar
2025-06-07 14:10:54.545454545,2,4,5,4,5,4,3,4,4,4,2,4,1,2,Bien,Regular,Genial,Regular,Genial,Bien,5,3,Presencial,4,Me gustaría más tiempo para practicar
2025-06-08 06:00:00.000000000,2,4,1,4,3,4,5,4,5,4,4,5,5,5,Regular,Bien,Regular,Regular,Bien,Genial,5,3,Online,4,Contenido muy útil para mi futuro profesional
2025-06-08 21:49:05.454545454,3,4,1,4,5,2,4,3,5,5,3,2,4,3,Bien,Pésimo,Mal,Bien,Regular,Genial,2,2,Presencial,4,El horario me viene perfecto
2025-06-09 13:38:10.909090909,4,5,5,4,2,4,3,2,4,5,4,3,4,5,Genial,Bien,Genial,Bien,Mal,Regular,5,3,Online,4,Muy buen dominio de la materia por parte del profesor
2025-06-10 05:27:16.363636363,3,5,4,3,4,5,5,3,3,3,1,4,5,4,Genial,Bien,Bien,Mal,Genial,Genial,4,1,Online,4,Me gustaría más tiempo para practicar
2025-06-10 21:16:21.818181818,3,4,5,3,2,2,5,4,2,4,4,4,4,3,Bien,Mal,Mal,Regular,Regular,Bien,1,2,Presencial,3,Las clases son muy prácticas y útiles
2025-06-11 13:05:27.272727272,3,5,5,4,4,4,5,5,2,5,4,3,5,4,Genial,Regular,Pésimo,Regular,Mal,Genial,3,3,Online,5,
2025-06-12 04:54:32.727272727,2,5,4,3,4,4,1,4,4,4,3,3,5,4,Bien,Genial,Regular,Regular,Genial,Genial,3,2,Presencial,3,"Excelente profesor, muy claro en las explicaciones"
2025-06-12 20:43:38.181818181,4,4,5,5,5,4,5,4,2,1,4,5,2,3,Genial,Pésimo,Genial,Regular,Pésimo,Genial,2,4,Online,4,
2025-06-13 12:32:43.636363636,4,4,3,2,2,4,1,5,4,5,5,2,5,4,Genial,Genial,Pésimo,Regular,Bien,Bien,3,3,Online,4,"Genial, aprendí mucho"
2025-06-14 04:21:49.090909091,2,3,5,4,5,5,4,3,5,5,4,5,4,4,Bien,Genial,Bien,Pésimo,Regular,Mal,3,5,Online,4,Las conexiones a veces fallan
2025-06-14 20:10:54.545454545,4,4,2,5,3,5,3,5,2,5,2,4,4,3,Regular,Genial,Genial,Pésimo,Regular,Mal,3,5,Online,3,
2025-06-15 12:00:00.000000000,4,2,3,2,4,5,5,4,4,5,2,4,3,3,Bien,Mal,Bien,Regular,Regular,Mal,5,3,Online,2,Muy buen dominio de la materia por parte del profesor
2025-06-16 03:49:05.454545454,5,4,3,2,4,4,4,5,5,3,5,5,5,4,Genial,Bien,Regular,Genial,Pésimo,Regular,5,1,Presencial,5,Las conexiones a veces fallan
2025-06-16 19:38:10.909090909,4,5,5,3,4,4,5,5,5,4,4,2,4,3,Bien,Bien,Regular,Pésimo,Pésimo,Pésimo,1,2,Online,3,Muy recomendable
2025-06-17 11:27:16.363636363,3,4,3,3,5,5,5,2,4,5,4,3,3,5,Bien,Genial,Bien,Regular,Genial,Mal,4,5,Presencial,4,Me gustaría más tiempo para practicar
2025-06-18 03:16:21.818181818,4,5,5,2,5,2,1,2,5,5,3,3,2,4,Bien,Regular,Genial,Regular,Genial,Bien,4,4,Presencial,3,Las clases son muy prácticas y útiles
2025-06-18 19:05:27.272727272,3,5,3,5,4,5,5,5,5,4,5,3,1,4,Bien,Bien,Bien,Regular,Bien,Pésimo,5,5,Presencial,3,Muy recomendable
2025-06-19 10:54:32.727272727,4,5,5,5,4,4,5,3,4,5,5,4,4,5,Bien,Genial,Genial,Bien,Genial,Bien,4,3,Online,4,
2025-06-20 02:43:38.181818181,4,4,5,4,3,3,1,5,2,3,3,4,3,4,Mal,Mal,Bien,Regular,Regular,Mal,5,4,Online,4,Muy satisfecho con el curso
2025-06-20 18:32:43.636363636,5,4,4,5,5,5,4,4,1,5,4,3,5,5,Genial,Genial,Genial,Mal,Genial,Genial,3,1,Presencial,5,Las conexiones a veces fallan
2025-06-21 10:21:49.090909091,3,5,4,4,5,5,4,4,3,5,4,5,5,5,Regular,Regular,Regular,Bien,Bien,Regular,2,3,Online,4,Contenido muy útil para mi futuro profesional
2025-06-22 02:10:54.545454545,4,1,2,5,5,3,2,5,3,1,3,2,4,5,Genial,Bien,Bien,Bien,Bien,Regular,4,5,Online,3,
2025-06-22 18:00:00.000000000,4,5,4,3,2,1,4,2,3,4,3,3,4,5,Mal,Regular,Genial,Pésimo,Genial,Pésimo,5,3,Presencial,4,El horario me viene perfecto
2025-06-23 09:49:05.454545454,2,3,5,4,5,4,5,4,5,5,3,5,5,3,Bien,Mal,Genial,Mal,Mal,Bien,4,5,Presencial,3,
2025-06-24 01:38:10.909090909,4,4,3,4,3,5,4,5,4,3,5,4,2,4,Bien,Genial,Bien,Bien,Mal,Bien,5,5,Online,4,Podría mejorar la organización de las actividades
2025-06-24 17:27:16.363636363,4,4,5,5,4,4,4,3,1,4,3,3,2,3,Pésimo,Bien,Bien,Bien,Bien,Genial,2,3,Online,4,El horario me viene perfecto
2025-06-25 09:16:21.818181818,3,4,1,5,4,4,2,3,1,3,4,4,4,4,Regular,Regular,Mal,Genial,Bien,Regular,3,5,Presencial,4,Muy buen dominio de la materia por parte del profesor
2025-06-26 01:05:27.272727272,2,1,2,4,4,3,5,4,5,5,5,5,4,5,Regular,Regular,Genial,Regular,Genial,Genial,3,5,Online,4,El horario me viene perfecto
2025-06-26 16:54:32.727272727,3,5,4,4,4,3,3,2,2,3,5,4,2,5,Bien,Genial,Bien,Mal,Bien,Bien,1,1,Online,3,"Excelente profesor, muy claro en las explicaciones"
2025-06-27 08:43:38.181818182,4,4,2,4,4,3,1,2,3,3,4,4,4,3,Regular,Bien,Genial,Bien,Bien,Bien,4,5,Online,3,
2025-06-28 00:32:43.636363636,2,3,5,4,4,2,5,5,4,4,4,4,2,5,Bien,Regular,Bien,Genial,Regular,Regular,4,3,Presencial,4,
2025-06-28 16:21:49.090909091,5,2,1,5,4,4,3,4,4,5,5,4,3,4,Bien,Mal,Regular,Pésimo,Mal,Regular,4,4,Online,4,Las conexiones a veces fallan
2025-06-29 08:10:54.545454545,5,4,3,3,3,2,1,4,4,4,5,1,5,2,Bien,Mal,Genial,Bien,Mal,Bien,1,4,Online,3,
2025-06-30 00:00:00.000000000,5,4,5,4,3,4,4,5,5,4,5,2,4,4,Pésimo,Bien,Bien,Mal,Genial,Mal,5,4,Online,5,El contenido está muy actualizado
2025-03-09 00:00:00.000000000,4,4,4,5,3,4,3,5,4,3,2,1,3,4,Genial,Bien,Regular,Genial,Bien,Bien,2,3,Presencial,3,Muy recomendable
2025-02-22 00:00:00.000000000,3,3,4,5,5,3,4,4,1,5,5,5,3,4,Pésimo,Bien,Bien,Genial,Genial,Genial,5,1,Online,4,Excelente calidad de audio y video
2024-10-21 00:00:00.000000000,2,5,3,4,5,5,5,3,2,3,4,5,2,4,Regular,Regular,Bien,Regular,Genial,Regular,5,1,Online,4,Muy satisfecho con el curso
2024-10-25 00:00:00.000000000,5,3,3,4,3,5,5,2,3,5,3,4,1,4,Regular,Genial,Bien,Regular,Genial,Mal,4,3,Online,4,El horario me viene perfecto
2025-05-02 00:00:00.000000000,5,4,5,3,4,4,4,4,2,5,4,5,3,4,Genial,Bien,Genial,Genial,Bien,Bien,3,4,Online,4,Las conexiones a veces fallan
2025-01-09 00:00:00.000000000,4,4,3,5,2,1,3,5,5,4,5,3,5,2,Mal,Mal,Bien,Bien,Bien,Genial,4,2,Online,4,
2025-01-13 00:00:00.000000000,4,4,5,4,3,2,4,1,3,4,4,5,3,3,Mal,Bien,Regular,Bien,Regular,Bien,5,1,Online,4,El horario me viene perfecto
2024-09-21 00:00:00.000000000,5,5,1,5,3,2,3,4,3,3,3,5,5,5,Regular,Regular,Regular,Mal,Bien,Bien,5,4,Online,4,
2025-02-14 00:00:00.000000000,4,4,2,4,5,4,4,1,3,1,4,4,5,4,Regular,Bien,Bien,Pésimo,Bien,Genial,3,4,Presencial,3,Podría mejorar la organización de las actividades
2025-06-01 00:00:00.000000000,5,5,1,3,4,4,5,4,5,3,5,3,5,3,Bien,Genial,Bien,Regular,Genial,Bien,4,1,Presencial,3,"Genial, aprendí mucho"
2024-11-28 00:00:00.000000000,4,1,1,4,3,3,4,2,3,2,4,4,4,3,Mal,Mal,Bien,Genial,Regular,Regular,2,4,Online,4,El horario me viene perfecto
